id,title,publication_date,viewCount,likeCount,dislikeCount,favoriteCount,commentCount,url
-9yGTFlIkzY,BNK48 Senpai ep.05 (Part 4),2017-03-10T09:44:08.000Z,367149,1832,48,0,95,https://www.youtube.com/watch?v=-9yGTFlIkzY
-HLEvHg5a8w,BNK48 Show EP03 Break03,2017-07-24T06:04:49.000Z,236184,1311,33,0,65,https://www.youtube.com/watch?v=-HLEvHg5a8w
-j-CdY8iuys,BNK48 Trainee｜Natcha Krisdhasima (Oom),2018-11-16T05:45:01.000Z,48098,1835,28,0,173,https://www.youtube.com/watch?v=-j-CdY8iuys
-J43fsyvahk,BNK48 Senpai Special (Part 3),2017-04-30T16:03:34.000Z,279675,2864,48,0,316,https://www.youtube.com/watch?v=-J43fsyvahk
-QdTQDUVTs8,BNK48 Show EP04 Break04,2017-07-31T09:53:25.000Z,377112,2352,73,0,153,https://www.youtube.com/watch?v=-QdTQDUVTs8
-t4Ee33wOWs,เพื่อนร่วมทาง The Journey Ep.05 Part 3,2018-02-09T06:14:45.000Z,104869,1184,29,0,105,https://www.youtube.com/watch?v=-t4Ee33wOWs
_1u5_atalnw,29 Seconds of 29 members #27 : Pupe,2017-05-01T13:08:34.000Z,38335,880,8,0,37,https://www.youtube.com/watch?v=_1u5_atalnw
_eHDMskfNyc,BNK48 Show EP12 Break04,2017-11-20T07:00:01.000Z,486446,2758,49,0,178,https://www.youtube.com/watch?v=_eHDMskfNyc
_ncz1_Cz6hk,Koisuru Fortune Cookie –คุกกี้เสี่ยงทาย– (FAN COMPILATION ver.) / BNK48,2017-12-03T11:00:03.000Z,288428,7978,135,0,739,https://www.youtube.com/watch?v=_ncz1_Cz6hk
_Q8yIyT3WZk,BNK48 Official Live Stream,2017-07-12T13:41:38.000Z,50191,1273,6,0,44,https://www.youtube.com/watch?v=_Q8yIyT3WZk
_UIMrIJUERg,29 Seconds of 29 members #12 : Kidcat,2017-05-01T13:08:39.000Z,25687,365,21,0,21,https://www.youtube.com/watch?v=_UIMrIJUERg
_ZxPQTQkMrQ,BNK48 Show EP8 Break01,2017-09-11T05:00:03.000Z,284816,2770,53,0,199,https://www.youtube.com/watch?v=_ZxPQTQkMrQ
01Fj8yDyXVM,BNK48 Introduction (February 2018),2018-02-08T10:27:07.000Z,203626,6252,96,0,780,https://www.youtube.com/watch?v=01Fj8yDyXVM
0773p4WN1Qg,BNK48 5th Single Information Announcement / BNK48,2018-09-30T14:51:08.000Z,337896,13291,184,0,1492,https://www.youtube.com/watch?v=0773p4WN1Qg
0Fna8Uy-R4Y,BNK48 6th Single Senbatsu General Election – Preliminary Results Announcement / BNK48,2018-12-12T13:11:56.000Z,232188,12320,128,0,3077,https://www.youtube.com/watch?v=0Fna8Uy-R4Y
0niyf7utzbA,29 Seconds of 29 members #05 : Jan,2017-05-01T13:08:42.000Z,57904,1108,10,0,84,https://www.youtube.com/watch?v=0niyf7utzbA
0PG_36-qQHU,BNK48 Official Live Stream,2017-07-16T09:45:40.000Z,67888,1343,14,0,55,https://www.youtube.com/watch?v=0PG_36-qQHU
0qKnNOFWSIQ,BNK48 Show EP04 Break02,2017-07-31T09:52:56.000Z,1408841,8911,393,0,765,https://www.youtube.com/watch?v=0qKnNOFWSIQ
0vMdDRduY88,BNK48 - Aitakatta (อยากจะได้พบเธอ) PV teaser,2017-06-20T14:38:09.000Z,507572,7198,285,0,754,https://www.youtube.com/watch?v=0vMdDRduY88
0vtwM6Lsrck,BNK48 Trainee｜Kamonthida Rotthawinithi (View),2018-11-16T05:45:00.000Z,57717,2882,28,0,273,https://www.youtube.com/watch?v=0vtwM6Lsrck
0Z6tdke0SHc,BNK48 Trainee｜Phattharanarin Mueanrit (Nine),2018-11-16T05:45:00.000Z,34184,1585,11,0,110,https://www.youtube.com/watch?v=0Z6tdke0SHc
0zW9SQvzqCQ,BNK48 Trainee｜Natticha Chantaravareelekha (Fond),2018-11-16T05:45:00.000Z,87087,4095,51,0,309,https://www.youtube.com/watch?v=0zW9SQvzqCQ
1_gg3Cocjjg,เพื่อนร่วมทาง The Journey Ep.12 Part 1,2018-03-30T02:00:01.000Z,61623,1009,31,0,189,https://www.youtube.com/watch?v=1_gg3Cocjjg
1a-vsnPGDKk,BNK48 Senpai ep.04 (Part 4),2017-03-09T09:39:25.000Z,235474,1398,24,0,100,https://www.youtube.com/watch?v=1a-vsnPGDKk
1dOxPrq68yg,BNK48 Senpai ep 10 Part 1,2017-03-23T07:00:10.000Z,483036,3279,85,0,137,https://www.youtube.com/watch?v=1dOxPrq68yg
1GFytjig8AE,「BNK48」from BNK48 We Wish You! A Merry Christmas –Fan Meet– / BNK48,2017-12-28T16:25:39.000Z,549519,5832,86,0,221,https://www.youtube.com/watch?v=1GFytjig8AE
1Hv7yZITDOw,BNK48 Show EP8 Break03,2017-09-11T05:00:01.000Z,268068,1698,57,0,111,https://www.youtube.com/watch?v=1Hv7yZITDOw
2Aj2qfdRNjw,BNK48 SHOW EP10 Break04,2017-11-06T05:21:25.000Z,300203,2363,64,0,166,https://www.youtube.com/watch?v=2Aj2qfdRNjw
2hHGYO8Klqg,BNK48 Trainee｜Pimnipa Tungsakul (Deenee),2018-11-16T05:45:00.000Z,29272,1206,62,0,112,https://www.youtube.com/watch?v=2hHGYO8Klqg
2Izh4wHNKGM,BNK48 Senpai ep.12 (Part 4),2017-03-29T07:48:17.000Z,319457,1600,31,0,62,https://www.youtube.com/watch?v=2Izh4wHNKGM
2rqwrVz-6Zw,"BNK48 Travel Show ""เพื่อนร่วมทาง The Journey"" Teaser",2017-11-18T06:00:00.000Z,70793,2160,13,0,238,https://www.youtube.com/watch?v=2rqwrVz-6Zw
3-_MOT8UQDc,BNK48 Senpai Special (Part 1),2017-04-14T05:48:29.000Z,207743,1492,31,0,94,https://www.youtube.com/watch?v=3-_MOT8UQDc
32i1Q79ym6E,BNK48 SHOW EP6 Break01,2017-08-28T13:47:59.000Z,828703,7674,225,0,983,https://www.youtube.com/watch?v=32i1Q79ym6E
38c2e4BHBlA,KhunKai’s Kitchen EP12 : Nink’s Birthday Cake / KaimookBNK48,2018-09-04T03:28:50.000Z,13998,475,14,0,28,https://www.youtube.com/watch?v=38c2e4BHBlA
3cvKAEbeSOM,【AKB48 53rdシングル世界選抜総選挙】Preliminary Results #101 Cherprang (BNK48 Team BⅢ) Special Messages / BNK48,2018-05-31T11:20:22.000Z,211270,9785,109,0,1011,https://www.youtube.com/watch?v=3cvKAEbeSOM
3f-Q1j4nbaI,29 Seconds of 29 members #22 : Nink,2017-05-01T13:08:48.000Z,18997,315,14,0,9,https://www.youtube.com/watch?v=3f-Q1j4nbaI
3f0AbOTGCHQ,BNK48 Team BⅢ｜Warattaya Deesomlert (Kaimook),2018-11-16T05:45:00.000Z,91106,4404,63,0,346,https://www.youtube.com/watch?v=3f0AbOTGCHQ
3ka3RVkdSHQ,BNK48 Senpai ep.8 Annex (GROUP5),2017-04-23T04:37:06.000Z,62903,739,10,0,86,https://www.youtube.com/watch?v=3ka3RVkdSHQ
3n_gqCd026Q,BNK48 Senpai ep 09 Part 2,2017-03-22T06:55:15.000Z,336451,2125,48,0,138,https://www.youtube.com/watch?v=3n_gqCd026Q
3ZgwgOBYTas,เพื่อนร่วมทาง The Journey Ep.03 Part 3,2018-01-25T15:13:11.000Z,175388,1811,20,0,155,https://www.youtube.com/watch?v=3ZgwgOBYTas
4__dtfWvK7s,CHERPRANG VLOG EP03 : World Senbatsu in Japan / CherprangBNK48,2018-09-27T03:08:25.000Z,232540,8614,122,0,708,https://www.youtube.com/watch?v=4__dtfWvK7s
4AGt_BxDfjc,BNK48 Freetime Pre Season EP.1 !,2017-09-15T16:48:47.000Z,526334,6875,106,0,669,https://www.youtube.com/watch?v=4AGt_BxDfjc
4HdXfXEQ1GE,「Koisuru Fortune Cookie –คุกกี้เสี่ยงทาย–」from BNK48 We Wish You! A Merry Christmas / BNK48,2017-12-28T16:25:38.000Z,584388,5866,111,0,531,https://www.youtube.com/watch?v=4HdXfXEQ1GE
4iaOF9X8qUY,BNK48 Show EP03 Break02,2017-07-24T06:04:50.000Z,252974,1651,50,0,174,https://www.youtube.com/watch?v=4iaOF9X8qUY
4jIWZO-My5I,KhunKai’s Kitchen EP28 : Thai Prawn Omelette Rolls / KaimookBNK48,2018-09-05T05:18:48.000Z,55065,1261,25,0,69,https://www.youtube.com/watch?v=4jIWZO-My5I
4TKCbe8jyRI,【MV Full】RIVER / BNK48,2018-04-30T15:00:00.000Z,17561474,236297,14887,0,48370,https://www.youtube.com/watch?v=4TKCbe8jyRI
54O1AMDZS0I,BNK48 Team BⅢ｜Kunjiranut Intarasin (Jane),2018-11-16T05:45:01.000Z,91436,3634,53,0,271,https://www.youtube.com/watch?v=54O1AMDZS0I
5bJDLZTR8r4,29 Seconds of 29 members #21 : Namsai,2017-05-01T13:08:47.000Z,25289,575,12,0,21,https://www.youtube.com/watch?v=5bJDLZTR8r4
5DMyzWM2qXc,KhunKai’s Kitchen EP22 : CANDY!! / KaimookBNK48,2018-09-05T04:58:50.000Z,36287,808,16,0,64,https://www.youtube.com/watch?v=5DMyzWM2qXc
5Gqof1dKNRY,BNK48 Senpai ep.07 (Part 3),2017-03-16T07:02:06.000Z,339505,2022,45,0,177,https://www.youtube.com/watch?v=5Gqof1dKNRY
5ti4qClvZTI,BNK48 Show EP01 Break02,2017-07-10T08:19:35.000Z,462810,3698,96,0,293,https://www.youtube.com/watch?v=5ti4qClvZTI
5txOhaAtb7Y,BNK48 : GIRLS DON’T CRY | Official Trailer (Cinema Ver.),2018-07-26T12:00:00.000Z,351788,15643,166,0,1723,https://www.youtube.com/watch?v=5txOhaAtb7Y
6bZ9zeXaFCg,BNK48 Show EP5 Break 04,2017-08-21T05:00:01.000Z,438969,3336,69,0,170,https://www.youtube.com/watch?v=6bZ9zeXaFCg
6EciQXa0Pco,BNK48 SHOW EP10 Break01,2017-11-06T05:20:31.000Z,339110,2960,74,0,238,https://www.youtube.com/watch?v=6EciQXa0Pco
6hqI1pekBG4,「Oogoe Diamond –ก็ชอบ ให้รู้ว่าชอบ–」from BNK48 Mini Live and Handshake / BNK48,2017-11-21T10:00:01.000Z,172883,2241,107,0,291,https://www.youtube.com/watch?v=6hqI1pekBG4
7ASjpSbmz0A,【MV Teaser】Shonichi วันแรก / BNK48,2018-03-21T11:00:01.000Z,392705,14559,222,0,2078,https://www.youtube.com/watch?v=7ASjpSbmz0A
7B2ICj97BrY,BNK48 Senpai ep 10 Part 2,2017-03-23T07:00:09.000Z,315031,2038,46,0,185,https://www.youtube.com/watch?v=7B2ICj97BrY
7FTgq-3lMys,BNK48 WE NEED YOU 2 : 2nd Generation Audition Announcement,2017-12-24T15:32:05.000Z,84870,1733,18,0,401,https://www.youtube.com/watch?v=7FTgq-3lMys
7lKDNvhvMiM,Shonichi The Stories / BNK48,2018-04-01T14:35:58.000Z,767518,37771,500,0,5247,https://www.youtube.com/watch?v=7lKDNvhvMiM
7QFHoydr8us,BNK48 Senpai ep.02 (Part 2),2017-03-02T14:46:57.000Z,413439,2876,55,0,473,https://www.youtube.com/watch?v=7QFHoydr8us
7z2POaFviIQ,BNK48 Trainee｜Ratah Chinkrajangkit (Ratah),2018-11-16T05:45:00.000Z,69939,3360,34,0,261,https://www.youtube.com/watch?v=7z2POaFviIQ
8BY1sLEFDJE,「Oogoe Diamond –ก็ชอบ ให้รู้ว่าชอบ–」from BNK48 We Wish You! A Merry Christmas –Fan Meet– / BNK48,2017-12-28T16:25:38.000Z,1003364,8663,181,0,620,https://www.youtube.com/watch?v=8BY1sLEFDJE
8DXzHGJqqaE,BNK48 Team BⅢ Captain & Vice Captain Announcement,2017-12-24T11:00:34.000Z,121795,2294,39,0,302,https://www.youtube.com/watch?v=8DXzHGJqqaE
8X1yMd3jBEU,BNK48 Digital Live Studio 10th September 2017 for Youtube,2017-09-10T14:29:23.000Z,52075,757,15,0,44,https://www.youtube.com/watch?v=8X1yMd3jBEU
8yJmAMP0RP4,BNK48 SHOW EP13 (Director's Cut) Break02,2017-12-05T05:00:01.000Z,2258195,14745,702,0,1002,https://www.youtube.com/watch?v=8yJmAMP0RP4
94beu14lpq8,เพื่อนร่วมทาง The Journey Ep.03 Part 1,2018-01-25T15:13:11.000Z,217073,2122,35,0,141,https://www.youtube.com/watch?v=94beu14lpq8
9782oM1T1pg,BNK48 Team BⅢ｜Rina Izuta (Izurina),2018-11-16T05:45:00.000Z,67354,3675,30,0,337,https://www.youtube.com/watch?v=9782oM1T1pg
9b5pCFbiCmU,KhunKai’s Kitchen EP27 : Penguin Jelly / KaimookBNK48,2018-09-05T05:18:43.000Z,51908,970,24,0,71,https://www.youtube.com/watch?v=9b5pCFbiCmU
9GnzdHrwdXU,BNK48 Trainee｜Sumitra Duangkaew (Faii),2018-11-16T05:45:01.000Z,67233,2316,42,0,158,https://www.youtube.com/watch?v=9GnzdHrwdXU
9L7ghmCWkIs,29 Seconds of 29 members #06 : Jane,2017-05-01T13:08:43.000Z,34719,565,6,0,40,https://www.youtube.com/watch?v=9L7ghmCWkIs
9ZgUs6YuKWw,BNK48 Senpai ep 09 Part 3,2017-03-22T06:55:13.000Z,528260,3623,87,0,215,https://www.youtube.com/watch?v=9ZgUs6YuKWw
A2VrbwgWjT0,【MV Full】Tsugi no Season ฤดูใหม่ / BNK48,2018-08-03T13:00:00.000Z,13088142,172316,8324,0,30146,https://www.youtube.com/watch?v=A2VrbwgWjT0
a4-HoIn_B6A,BNK48 SHOW EP13 (Director's Cut) Break04,2017-12-05T05:00:01.000Z,981057,7768,250,0,932,https://www.youtube.com/watch?v=a4-HoIn_B6A
ad32tmJ9RLA,29 Seconds of 29 members #07 : Jennis,2017-05-01T13:08:44.000Z,68406,1433,15,0,60,https://www.youtube.com/watch?v=ad32tmJ9RLA
aFZJk4FUSxc,BNK48 Show EP01 Break01,2017-07-10T08:16:11.000Z,947093,7196,218,0,571,https://www.youtube.com/watch?v=aFZJk4FUSxc
AJOHWmeFjF0,BNK48 Show EP02 Break03,2017-07-17T05:00:01.000Z,291445,1784,37,0,129,https://www.youtube.com/watch?v=AJOHWmeFjF0
akWfxC2jI5Q,BNK48 Team BⅢ｜Isarapa Thawatpakdee (Tarwaan),2018-11-16T05:45:00.000Z,126760,5515,60,0,433,https://www.youtube.com/watch?v=akWfxC2jI5Q
amBs0BilqlU,BNK48 Senpai ep.8 Annex (GROUP3),2017-04-23T04:37:08.000Z,244732,2233,41,0,176,https://www.youtube.com/watch?v=amBs0BilqlU
An8S-S9ynpk,BNK48 Senpai ep.12 (Part 3),2017-03-29T07:48:18.000Z,1119810,9307,209,0,519,https://www.youtube.com/watch?v=An8S-S9ynpk
ASLD15eaT6o,29 Seconds of 29 members #18 : Music,2017-05-01T13:08:45.000Z,72956,1692,28,0,45,https://www.youtube.com/watch?v=ASLD15eaT6o
aSw2MyRU-7s,BNK48 Senpai ep.01 (Part 3),2017-03-01T14:54:03.000Z,511290,1970,58,0,161,https://www.youtube.com/watch?v=aSw2MyRU-7s
aVXkn_CJ1Q8,BNK48 Senpai Special (part 2),2017-04-21T05:43:53.000Z,142891,937,16,0,69,https://www.youtube.com/watch?v=aVXkn_CJ1Q8
aw098MkvpUU,BNK48 SHOW EP13 (Director's Cut) Break01,2017-12-05T05:00:01.000Z,1100830,7146,255,0,673,https://www.youtube.com/watch?v=aw098MkvpUU
awJd6vaaZlc,【MV Full】Anata to Christmas Eve คำสัญญาแห่งคริสต์มาสอีฟ / BNK48,2018-02-26T12:34:44.000Z,4454689,76901,2197,0,11891,https://www.youtube.com/watch?v=awJd6vaaZlc
AxT_Wwr35sI,BNK48 Senpai ep.08 (Part 2),2017-03-17T09:09:45.000Z,264119,1486,26,0,146,https://www.youtube.com/watch?v=AxT_Wwr35sI
AZoMuq1baJA,29 Seconds of 29 members #04 : Jaa,2017-05-01T13:08:41.000Z,30387,497,12,0,17,https://www.youtube.com/watch?v=AZoMuq1baJA
B_wG_4J63Jw,KhunKai’s Kitchen EP20 : น้ำผักสลอธสูตรต่ามู้ต่ามี้~ / KaimookBNK48,2018-09-04T03:41:50.000Z,81400,1927,25,0,142,https://www.youtube.com/watch?v=B_wG_4J63Jw
B_yBhn2BdBg,KhunKai’s Kitchen EP19 : Hato Cupcake / KaimookBNK48,2018-09-04T03:38:26.000Z,230451,5432,135,0,233,https://www.youtube.com/watch?v=B_yBhn2BdBg
b05YrAEe6bo,เพื่อนร่วมทาง The Journey Ep.08 Part 1,2018-03-01T16:00:05.000Z,117372,1525,29,0,133,https://www.youtube.com/watch?v=b05YrAEe6bo
bJ082yODsvQ,เพื่อนร่วมทาง The Journey Ep.03 Part 2,2018-01-25T15:13:11.000Z,155961,1377,17,0,113,https://www.youtube.com/watch?v=bJ082yODsvQ
Bj8qfU5nTZc,「BNK48」from BNK48 Mini Live and Handshake / BNK48,2017-11-21T10:00:00.000Z,145068,2162,40,0,162,https://www.youtube.com/watch?v=Bj8qfU5nTZc
bKAO05PQX8w,เพื่อนร่วมทาง The Journey Ep.08 Part 3,2018-03-08T15:11:35.000Z,66637,788,15,0,88,https://www.youtube.com/watch?v=bKAO05PQX8w
BKHHw5vuubk,เพื่อนร่วมทาง The Journey Ep.09 Part 1,2018-03-08T16:00:01.000Z,81198,1004,12,0,107,https://www.youtube.com/watch?v=BKHHw5vuubk
bmMAKDC-PZI,「Yume e no Route –หมื่นเส้นทาง–」Senbatsu Members Announcement / BNK48,2018-08-19T12:25:35.000Z,391132,15008,185,0,3113,https://www.youtube.com/watch?v=bmMAKDC-PZI
BQV4zalC384,BNK48 Digital Live Studio 12th November 2017,2017-11-12T10:51:26.000Z,47820,745,8,0,40,https://www.youtube.com/watch?v=BQV4zalC384
BSQqiHsQ3lI,BNK48 Show EP5 Break 01,2017-08-21T05:00:01.000Z,521649,4207,110,0,303,https://www.youtube.com/watch?v=BSQqiHsQ3lI
c1PlsvmzHeo,KhunKai’s Kitchen EP14 : บัวลอย เจ้าเพื่อนยาก! / KaimookBNK48,2018-09-04T03:34:22.000Z,52317,1460,20,0,96,https://www.youtube.com/watch?v=c1PlsvmzHeo
C2Nk12G0c2g,BNK48 Senpai ep 10 Part 4,2017-03-24T17:04:30.000Z,211773,1377,14,0,62,https://www.youtube.com/watch?v=C2Nk12G0c2g
C39JU7Drb90,BNK48 Introduction (November 2017),2017-11-10T09:48:38.000Z,44979,1624,12,0,112,https://www.youtube.com/watch?v=C39JU7Drb90
c8Q2RBxNSXw,「365nichi no Kamihikouki –365 วันกับเครื่องบินกระดาษ–」from BNK48 Mini Live and Handshake / BNK48,2017-11-21T10:00:02.000Z,445243,6233,103,0,283,https://www.youtube.com/watch?v=c8Q2RBxNSXw
cbWPi-XGbes,เพื่อนร่วมทาง The Journey Ep.01 Part 3,2018-01-11T16:36:19.000Z,231301,1901,48,0,76,https://www.youtube.com/watch?v=cbWPi-XGbes
cbYDUrMx3wc,「BNK48 General Manager Keynote Presentation」from BNK48 Mini Live and Handshake / BNK48,2017-11-23T05:00:01.000Z,122642,1651,27,0,176,https://www.youtube.com/watch?v=cbYDUrMx3wc
d9ZCjNlyIhk,BNK48 Senpai ep.13 (Part 1),2017-03-30T20:00:36.000Z,262078,1881,45,0,111,https://www.youtube.com/watch?v=d9ZCjNlyIhk
DCqoLx9Pe-g,BNK48 Senpai ep.13 (Part 4),2017-03-30T20:00:36.000Z,235108,1425,34,0,50,https://www.youtube.com/watch?v=DCqoLx9Pe-g
dIEZNI-7SHk,KhunKai’s Kitchen EP16 : Chocolate Curry / KaimookBNK48,2018-09-04T03:34:12.000Z,14929,408,7,0,22,https://www.youtube.com/watch?v=dIEZNI-7SHk
DKHrXLISyrE,BNK48 SHOW EP9 Break02,2017-09-18T05:00:00.000Z,630587,4691,152,0,495,https://www.youtube.com/watch?v=DKHrXLISyrE
dlSyuTq1ERE,KhunKai’s Kitchen EP09 : S’more / KaimookBNK48,2018-09-03T04:44:29.000Z,12937,686,16,0,44,https://www.youtube.com/watch?v=dlSyuTq1ERE
dNt_nKa5Z4s,BNK48 Senpai ep.06 (Part 1),2017-03-15T08:13:15.000Z,693755,5334,128,0,404,https://www.youtube.com/watch?v=dNt_nKa5Z4s
DoNemEgETC8,29 Seconds of 29 members #11 : Kate,2017-05-01T13:08:48.000Z,25204,398,9,0,13,https://www.youtube.com/watch?v=DoNemEgETC8
dQvqSqfZJuQ,BNK48 Trainee｜Nawaporn Chansuk (Cake),2018-11-16T05:45:00.000Z,51046,2465,22,0,169,https://www.youtube.com/watch?v=dQvqSqfZJuQ
dthvRfCnzhI,KhunKai’s Kitchen EP29 : Heart gata Cake / KaimookBNK48,2018-09-05T05:14:02.000Z,24958,547,14,0,38,https://www.youtube.com/watch?v=dthvRfCnzhI
DX9Lo2NekQg,BNK48 Trainee｜Janista Tansiri (Bamboo),2018-11-16T05:45:01.000Z,81530,3361,55,0,293,https://www.youtube.com/watch?v=DX9Lo2NekQg
EaAV9M4FFz0,29 Seconds of 29 members #02 : Cherprang,2017-05-01T13:08:40.000Z,146478,3230,62,0,83,https://www.youtube.com/watch?v=EaAV9M4FFz0
EBohsIguIYE,BNK48 Freetime Pre Season EP.2 !,2017-09-23T10:41:49.000Z,846840,10330,137,0,1115,https://www.youtube.com/watch?v=EBohsIguIYE
eDJj2iz1Ifs,KhunKai’s Kitchen EP15 : Cheese Tart / KaimookBNK48,2018-09-04T03:33:37.000Z,26809,672,18,0,47,https://www.youtube.com/watch?v=eDJj2iz1Ifs
eeuTtGoTTeo,「BNK48 3rd Single Coupling Song Announcement」from BNK48 2nd Single Handshake Event / BNK48,2018-01-13T09:53:19.000Z,258283,5466,85,0,1218,https://www.youtube.com/watch?v=eeuTtGoTTeo
Efieq5TeV9M,BNK48 Trainee｜Nannaphas Loetnamchoetsakun (Mewnich),2018-11-16T05:45:00.000Z,90056,3761,68,0,255,https://www.youtube.com/watch?v=Efieq5TeV9M
eLhtcHvGbZI,เพื่อนร่วมทาง The Journey Ep.02 Part 3,2018-01-18T17:16:59.000Z,146141,1598,17,0,158,https://www.youtube.com/watch?v=eLhtcHvGbZI
EPMOTzvYQaA,29 Seconds of 29 members #08 : Jib,2017-05-01T13:08:45.000Z,26842,412,17,0,20,https://www.youtube.com/watch?v=EPMOTzvYQaA
EQAl30byknU,BNK48 Trainee｜Maira Kuyama (Maira),2018-11-16T05:45:01.000Z,60142,2628,32,0,301,https://www.youtube.com/watch?v=EQAl30byknU
eTidHACZSZI,BNK48 Team BⅢ｜Pimrapat Phadungwatanachok (Mobile),2018-11-16T05:45:00.000Z,210672,9783,180,0,903,https://www.youtube.com/watch?v=eTidHACZSZI
exyc2lbJEYI,BNK48 Team BⅢ｜Vathusiri Phuwapunyasiri (Korn),2018-11-16T05:45:00.000Z,62533,2856,24,0,296,https://www.youtube.com/watch?v=exyc2lbJEYI
f7QG8cEAZd4,29 Seconds of 29 members #29 : Tarwaan,2017-05-01T13:08:32.000Z,45341,889,6,0,26,https://www.youtube.com/watch?v=f7QG8cEAZd4
fl6SbYkXIgs,29 Seconds of 29 members #24 : Orn,2017-05-01T13:08:37.000Z,53378,944,12,0,29,https://www.youtube.com/watch?v=fl6SbYkXIgs
FnawecgNFt8,เพื่อนร่วมทาง The Journey Ep.07 Part 1,2018-02-22T15:00:01.000Z,94968,1289,18,0,119,https://www.youtube.com/watch?v=FnawecgNFt8
FnL-bAdwgCY,Aitakatta (อยากจะได้พบเธอ) –Story Version– / BNK48,2017-06-27T04:00:00.000Z,697114,11692,271,0,798,https://www.youtube.com/watch?v=FnL-bAdwgCY
fNv0tWE42G0,BNK48 : Founder Member Announcement Teaser,2017-11-06T13:00:03.000Z,29036,479,23,0,113,https://www.youtube.com/watch?v=fNv0tWE42G0
Foahwp9BTW0,เพื่อนร่วมทาง The Journey Ep.07 Part 2,2018-02-22T15:00:01.000Z,85206,1418,22,0,175,https://www.youtube.com/watch?v=Foahwp9BTW0
fwGVoA8KfYM,29 Seconds of 29 members #16 : Miori,2017-05-01T13:08:42.000Z,57286,1380,11,0,102,https://www.youtube.com/watch?v=fwGVoA8KfYM
gDlUgtoFcB0,BNK48 Senpai ep.07 (Part 1),2017-03-16T07:02:07.000Z,714402,5014,143,0,374,https://www.youtube.com/watch?v=gDlUgtoFcB0
Ggbf__BZp70,BNK48 Show EP03 Break04,2017-07-24T06:04:51.000Z,249969,1556,50,0,111,https://www.youtube.com/watch?v=Ggbf__BZp70
gRc7JI3xc7Q,「Christmas Medley」from BNK48 We Wish You! A Merry Christmas –Fan Meet– / BNK48,2017-12-25T12:30:01.000Z,141463,3703,61,0,254,https://www.youtube.com/watch?v=gRc7JI3xc7Q
gT9KMFyXhYU,เพื่อนร่วมทาง The Journey Ep.09 Part 3,2018-03-08T16:28:41.000Z,72390,1057,22,0,178,https://www.youtube.com/watch?v=gT9KMFyXhYU
gTbh_3Mglsc,KhunKai’s Kitchen EP04 : Rainbow Pancake / KaimookBNK48,2018-09-03T04:41:18.000Z,20026,1145,18,0,80,https://www.youtube.com/watch?v=gTbh_3Mglsc
GUFi43Y3MG8,KhunKai’s Kitchen EP11 : Koisuru Orange Cookies / KaimookBNK48,2018-09-04T03:28:05.000Z,19220,644,15,0,48,https://www.youtube.com/watch?v=GUFi43Y3MG8
guUIb2e_pbE,29 Seconds of 29 members #13 : Korn,2017-05-01T13:08:40.000Z,23717,471,8,0,18,https://www.youtube.com/watch?v=guUIb2e_pbE
GyiXtTGlH3g,「BNK48 The Musical – Part 1」from BNK48 We Wish You! A Merry Christmas –Fan Meet– / BNK48,2018-01-01T03:00:02.000Z,417441,8098,75,0,729,https://www.youtube.com/watch?v=GyiXtTGlH3g
Gz1muenDaIM,BNK48 Senpai ep.08 (Part 4),2017-03-17T09:09:43.000Z,959420,6437,240,0,454,https://www.youtube.com/watch?v=Gz1muenDaIM
H7YJVXifTeA,BNK48 Senpai ep.8 Annex (GROUP1),2017-04-23T04:37:09.000Z,60005,692,18,0,60,https://www.youtube.com/watch?v=H7YJVXifTeA
hBU7h0_ypr0,KhunKai’s Kitchen EP26 : ทำขนม100ชิ้น!! แจกเด็ก ๆ / KaimookBNK48,2018-09-05T05:18:31.000Z,60545,1094,28,0,57,https://www.youtube.com/watch?v=hBU7h0_ypr0
heVveAkVo8k,BNK48 Senpai ep.05 (Part 3),2017-03-10T09:31:06.000Z,555462,3314,80,0,186,https://www.youtube.com/watch?v=heVveAkVo8k
HppJaqr2dzo,BNK48 SHOW EP6 Break03,2017-08-28T13:47:58.000Z,763037,4212,211,0,193,https://www.youtube.com/watch?v=HppJaqr2dzo
hrBAJaltYeY,BNK48 Senpai ep.11 (Part 4),2017-03-24T07:25:44.000Z,220854,1359,31,0,72,https://www.youtube.com/watch?v=hrBAJaltYeY
hVLgSOgJQ9Y,BNK48 Team BⅢ｜Kanteera Wadcharathadsanakul (Noey),2018-11-16T05:45:00.000Z,189994,8567,159,0,878,https://www.youtube.com/watch?v=hVLgSOgJQ9Y
i_hlpsY1q5U,BNK48 Senpai ep.05 (Part 1),2017-03-10T09:28:55.000Z,1578231,11290,334,0,725,https://www.youtube.com/watch?v=i_hlpsY1q5U
Ibh5baH_GAU,BNK48 SHOW EP10 Break02,2017-11-06T05:20:52.000Z,574221,3532,122,0,275,https://www.youtube.com/watch?v=Ibh5baH_GAU
iByxlVvWrww,【MV Full】Kimi wa Melody เธอคือ…เมโลดี้ / BNK48,2018-09-15T15:00:04.000Z,15588923,247911,8637,0,42363,https://www.youtube.com/watch?v=iByxlVvWrww
iEpSeV-611c,KhunKai’s Kitchen EP07 : No Sugar Brownie / KaimookBNK48,2018-09-03T04:47:43.000Z,17335,890,14,0,79,https://www.youtube.com/watch?v=iEpSeV-611c
IhK2ZPEPdZQ,BNK48 Senpai ep.13 (Part 2),2017-03-30T20:00:36.000Z,178424,1198,14,0,90,https://www.youtube.com/watch?v=IhK2ZPEPdZQ
IhXg-7epqv0,KhunKai’s Kitchen EP30 : Steamed Egg / KaimookBNK48,2018-09-05T05:58:38.000Z,47880,1649,32,0,151,https://www.youtube.com/watch?v=IhXg-7epqv0
IJpQeRLBQqo,BNK48 Show EP04 Break01,2017-07-31T09:52:37.000Z,329887,2915,63,0,247,https://www.youtube.com/watch?v=IJpQeRLBQqo
IMx1ojx2fiE,【MV Full】Shonichi วันแรก / BNK48,2018-04-10T02:00:00.000Z,9142543,140237,4433,0,14816,https://www.youtube.com/watch?v=IMx1ojx2fiE
INsnsCrauXk,BNK48 Senpai ep 10 Part 3,2017-03-23T07:00:09.000Z,255242,1511,32,0,134,https://www.youtube.com/watch?v=INsnsCrauXk
iU_HIvudvaA,BNK48 Trainee｜Jidarpha Chamchooy (Panda),2018-11-16T05:45:00.000Z,47744,2116,29,0,144,https://www.youtube.com/watch?v=iU_HIvudvaA
IUfX4LCWgds,BNK48 Team BⅢ｜Napaphat Worraphuttanon (Jaa),2018-11-16T05:45:01.000Z,52673,2307,32,0,233,https://www.youtube.com/watch?v=IUfX4LCWgds
ivQbU5i8EXc,KhunKai’s Kitchen EP05 : Santa Claus Jelly / KaimookBNK48,2018-09-03T04:41:46.000Z,15356,769,13,0,40,https://www.youtube.com/watch?v=ivQbU5i8EXc
IwbuyTc4p4c,BNK48 Team BⅢ｜BNK48 Team BⅢ Captain｜Punsikorn Tiyakorn (Pun),2018-11-16T05:45:00.000Z,189503,10585,123,0,796,https://www.youtube.com/watch?v=IwbuyTc4p4c
IwHImT7RDa4,BNK48 Trainee｜Pakwan Noijaiboon (Pakwan),2018-11-16T05:45:00.000Z,34215,1514,20,0,162,https://www.youtube.com/watch?v=IwHImT7RDa4
iWwHEn8dhrI,BNK48 Trainee｜Sirikarn Shinnawatsuwan (Phukkhom),2018-11-16T05:45:00.000Z,115630,6320,85,0,492,https://www.youtube.com/watch?v=iWwHEn8dhrI
IYhMXb-7fJY,เพื่อนร่วมทาง The Journey Ep.07 Part 3,2018-02-22T15:00:01.000Z,89826,1721,18,0,248,https://www.youtube.com/watch?v=IYhMXb-7fJY
j4__wZnPLOQ,เพื่อนร่วมทาง The Journey Ep.13 Part 3,2018-04-07T03:30:00.000Z,73231,1547,47,0,256,https://www.youtube.com/watch?v=j4__wZnPLOQ
J5-J_5iUNuo,BNK48 SHOW EP6 Break02,2017-08-28T13:47:59.000Z,279924,1661,51,0,97,https://www.youtube.com/watch?v=J5-J_5iUNuo
J9D2VqWadxc,"「RIVER」Senbatsu Announcement from Tao Kae Noi Presents BNK48 1st Concert ""STARTO"" / BNK48",2018-03-31T14:50:10.000Z,387185,10912,178,0,2403,https://www.youtube.com/watch?v=J9D2VqWadxc
JBnRbW71uI8,เพื่อนร่วมทาง The Journey Ep.08 Part 2,2018-03-01T16:00:02.000Z,83177,804,20,0,64,https://www.youtube.com/watch?v=JBnRbW71uI8
jDTSy98flmg,BNK48 Show EP01 Break04,2017-07-10T08:19:34.000Z,454309,2932,111,0,244,https://www.youtube.com/watch?v=jDTSy98flmg
JEnA2Be25aU,BNK48 Team BⅢ｜Miori Ohkubo (Miori),2018-11-16T05:45:01.000Z,91605,3387,44,0,232,https://www.youtube.com/watch?v=JEnA2Be25aU
JEXiiz_sl2E,29 Seconds of 29 members #23 : Noey,2017-05-01T13:08:49.000Z,51754,1467,12,0,61,https://www.youtube.com/watch?v=JEXiiz_sl2E
jgvMM0kX1io,CHERPRANG VLOG EP02 : World Senbatsu in Japan / CherprangBNK48,2018-09-13T06:22:49.000Z,185169,6178,93,0,501,https://www.youtube.com/watch?v=jgvMM0kX1io
JMMGB_OIWxU,เพื่อนร่วมทาง The Journey Ep.10 Part 3,2018-03-15T16:00:01.000Z,55740,752,16,0,140,https://www.youtube.com/watch?v=JMMGB_OIWxU
jQGFFQRGhbE,CHERPRANG VLOG EP04 : World Senbatsu in Japan / CherprangBNK48,2018-10-11T08:35:42.000Z,131882,5658,54,0,780,https://www.youtube.com/watch?v=jQGFFQRGhbE
jsx0jxk9lE4,BNK48 Show EP04 Break03,2017-07-31T09:53:13.000Z,614063,4219,124,0,255,https://www.youtube.com/watch?v=jsx0jxk9lE4
jXniuuFuF6Q,KhunKai’s Kitchen EP24 : Choco Lava Mug Cake / KaimookBNK48,2018-09-05T05:12:33.000Z,318210,6695,104,0,416,https://www.youtube.com/watch?v=jXniuuFuF6Q
kiIsJ_obGY4,BNK48 Show EP02 Break04,2017-07-17T05:00:03.000Z,248710,1624,25,0,139,https://www.youtube.com/watch?v=kiIsJ_obGY4
kjqcuAL91Hg,BNK48 Senpai ep.02 (Part 1),2017-03-02T14:46:58.000Z,560929,3536,72,0,445,https://www.youtube.com/watch?v=kjqcuAL91Hg
KlFeUyIadOo,BNK48 Show EP02 Break01,2017-07-17T05:00:00.000Z,427906,3187,60,0,251,https://www.youtube.com/watch?v=KlFeUyIadOo
kMKIybO_1Pw,「Shonichi (Instrumental solo ver.)」from BNK48 We Wish You! A Merry Christmas –Fan Meet– / BNK48,2017-12-28T16:25:38.000Z,355208,7217,77,0,368,https://www.youtube.com/watch?v=kMKIybO_1Pw
krWVurLdxM8,29 Seconds of 29 members #09 : Kaew,2017-05-01T13:08:46.000Z,36249,736,6,0,23,https://www.youtube.com/watch?v=krWVurLdxM8
kuhnap44Izo,「Tsugi no Season –ฤดูใหม่–」Senbatsu Members Announcement / BNK48,2018-07-17T14:15:02.000Z,274958,13048,245,0,1963,https://www.youtube.com/watch?v=kuhnap44Izo
kyP4xYmPw54,BNK48 Trainee｜Dusita Kitisarakulchai (Natherine),2018-11-16T05:45:00.000Z,39616,1685,44,0,158,https://www.youtube.com/watch?v=kyP4xYmPw54
l_gPPM83IaI,BNK48 ตัวอย่างวีดีโอเต้น Koisuru Fortune Cookie คุกกี้เสี่ยงทาย,2017-09-10T01:00:01.000Z,109518,2123,31,0,148,https://www.youtube.com/watch?v=l_gPPM83IaI
l1yjDxu5fU8,BNK48 Digital Live Studio 7th Sep.r 2017,2017-09-07T13:31:40.000Z,62416,1016,9,0,45,https://www.youtube.com/watch?v=l1yjDxu5fU8
L3oy9k1-coo,BNK48 SHOW EP9 Break03,2017-09-18T05:00:00.000Z,878552,5857,197,0,446,https://www.youtube.com/watch?v=L3oy9k1-coo
L6HgZqp-ew8,BNK48 Senpai ep.01 (Part 1),2017-03-01T14:54:03.000Z,1347166,9763,320,0,978,https://www.youtube.com/watch?v=L6HgZqp-ew8
Lb96igqAXhE,Important Announcement from BNK48 Committee / BNK48,2018-01-29T11:00:02.000Z,442675,9078,365,0,2698,https://www.youtube.com/watch?v=Lb96igqAXhE
Ldj8T0nojq8,เพื่อนร่วมทาง The Journey Ep.06 Part 1,2018-02-15T16:03:43.000Z,108722,1436,24,0,131,https://www.youtube.com/watch?v=Ldj8T0nojq8
LgKCDh2_g6I,BNK48 SHOW EP7 Break04,2017-09-04T05:00:00.000Z,561641,3284,126,0,200,https://www.youtube.com/watch?v=LgKCDh2_g6I
lHWThIEnZ5w,BNK48 × Changsuek เชียร์ไทยใช้ใจล้วนๆ,2018-03-13T11:00:03.000Z,475352,12961,159,0,1357,https://www.youtube.com/watch?v=lHWThIEnZ5w
LKi1zPis_3Q,BNK48 Senpai ep.13 (Part 3),2017-03-30T20:00:36.000Z,337843,2644,58,0,82,https://www.youtube.com/watch?v=LKi1zPis_3Q
LlqjiiwZhl0,BNK48 Show EP01 Break03,2017-07-10T08:19:35.000Z,468392,3020,71,0,172,https://www.youtube.com/watch?v=LlqjiiwZhl0
Lp0AyFwYR44,KhunKai’s Kitchen EP01 : Meringue / KaimookBNK48,2018-09-03T04:40:46.000Z,40487,1653,25,0,134,https://www.youtube.com/watch?v=Lp0AyFwYR44
LpLWRd5Lfdg,KhunKai’s Kitchen EP03 : Strawberry Panna Cotta / KaimookBNK48,2018-09-03T04:41:03.000Z,23603,1244,17,0,94,https://www.youtube.com/watch?v=LpLWRd5Lfdg
lvhKEdUyGK0,BNK48 Senpai ep.03 (Part 1),2017-03-08T06:22:48.000Z,437731,2685,55,0,190,https://www.youtube.com/watch?v=lvhKEdUyGK0
M03mNS6vTjU,BNK48 Trainee｜Mananya Kaoju (Nink),2018-11-16T05:45:01.000Z,38561,1439,101,0,144,https://www.youtube.com/watch?v=M03mNS6vTjU
m6i6oDSmgyA,29 Seconds of 29 members #28 : Satchan,2017-05-01T13:08:33.000Z,62215,1044,24,0,38,https://www.youtube.com/watch?v=m6i6oDSmgyA
MaPKPfKNx1U,BNK48 Show EP8 Break02,2017-09-11T05:00:01.000Z,405211,2880,86,0,254,https://www.youtube.com/watch?v=MaPKPfKNx1U
mE4G0V1R9O8,BNK48 Team BⅢ｜Sawitchaya Kajonrungsilp (Satchan),2018-11-16T05:45:01.000Z,72119,2919,43,0,209,https://www.youtube.com/watch?v=mE4G0V1R9O8
mfqJyKm20Z4,【MV Full】Koisuru Fortune Cookie คุกกี้เสี่ยงทาย / BNK48,2017-11-18T11:11:15.000Z,159317405,685205,65675,0,123533,https://www.youtube.com/watch?v=mfqJyKm20Z4
MjQgdETPG3k,BNK48 SENPAI : 2nd Generation | Teaser,2018-08-30T10:48:09.000Z,192101,8521,147,0,904,https://www.youtube.com/watch?v=MjQgdETPG3k
mo4l8f_VZXo,【MV Full】BNK Festival / BNK48,2018-11-22T13:00:05.000Z,3201827,111029,4295,0,17379,https://www.youtube.com/watch?v=mo4l8f_VZXo
mOpNJ3Ygc1U,BNK48 SHOW EP9 Break04,2017-09-18T05:00:01.000Z,422594,2505,75,0,171,https://www.youtube.com/watch?v=mOpNJ3Ygc1U
MZNeqW0Dykk,เพื่อนร่วมทาง The Journey Ep.04 Part 2,2018-02-02T06:31:54.000Z,112171,1050,26,0,82,https://www.youtube.com/watch?v=MZNeqW0Dykk
nag9fwxFBAo,【MV Teaser】Kimi wa Melody เธอคือ…เมโลดี้ / BNK48,2018-09-01T03:00:03.000Z,383027,22479,186,0,2890,https://www.youtube.com/watch?v=nag9fwxFBAo
nFHb-y1SBUs,BNK48 Senpai ep.06 (Part 4),2017-03-15T08:13:13.000Z,322117,1851,50,0,118,https://www.youtube.com/watch?v=nFHb-y1SBUs
nG-d0_uARLM,BNK48 SHOW EP6 Break04,2017-08-28T13:47:57.000Z,325814,2923,43,0,408,https://www.youtube.com/watch?v=nG-d0_uARLM
Nip0rJCLlok,BNK48 SHOW EP7 Break03,2017-09-04T05:00:01.000Z,787519,4763,184,0,580,https://www.youtube.com/watch?v=Nip0rJCLlok
nIUCcnd84c8,BNK48 Team BⅢ｜Korapat Nilprapa (Kate),2018-11-16T05:45:01.000Z,50856,2097,37,0,220,https://www.youtube.com/watch?v=nIUCcnd84c8
Nk4ooIHagfQ,BNK48 Trainee｜Chanyapuk Numprasop (New),2018-11-16T05:45:00.000Z,59135,2779,32,0,225,https://www.youtube.com/watch?v=Nk4ooIHagfQ
nKrS0uvG380,BNK48 Show EP8 Break04,2017-09-11T05:00:01.000Z,639214,5136,141,0,407,https://www.youtube.com/watch?v=nKrS0uvG380
NogZnIRNWmY,"BNK48 2nd Single ""Koisuru Fortune Cookie –คุกกี้เสี่ยงทาย–"" Senbatsu Member Announcement",2017-09-23T12:16:54.000Z,161599,2558,48,0,245,https://www.youtube.com/watch?v=NogZnIRNWmY
nv6sfWTgZW8,KhunKai’s Kitchen EP10 : อยากกินก๋วยเตี๋ยวว้อย! / KaimookBNK48,2018-09-03T04:44:09.000Z,77849,2798,65,0,163,https://www.youtube.com/watch?v=nv6sfWTgZW8
nwRFy64XONU,29 Seconds of 29 members #25 : Piam,2017-05-01T13:08:36.000Z,29182,473,49,0,20,https://www.youtube.com/watch?v=nwRFy64XONU
NYGS6qXbu_E,BNK48 Senpai ep.02 (Part 4),2017-03-02T14:46:57.000Z,518753,2999,60,0,385,https://www.youtube.com/watch?v=NYGS6qXbu_E
O_RFhMlUtp4,BNK48 SHOW EP13 (Director's Cut) Break03,2017-12-05T05:00:03.000Z,1341882,7954,295,0,768,https://www.youtube.com/watch?v=O_RFhMlUtp4
O0XTZu0SEj4,29 Seconds of 29 members #14 : Maysa,2017-05-01T13:08:41.000Z,32739,550,142,0,25,https://www.youtube.com/watch?v=O0XTZu0SEj4
OCGdOa_Vur8,BNK48 Trainee｜Rachaya Tupkunanon (Minmin),2018-11-16T05:45:00.000Z,49783,2170,19,0,182,https://www.youtube.com/watch?v=OCGdOa_Vur8
ocHexbCqcxE,KhunKai’s Kitchen EP02 : Animal Pancake / KaimookBNK48,2018-09-03T04:40:47.000Z,23982,1191,16,0,96,https://www.youtube.com/watch?v=ocHexbCqcxE
of4wkMsff3A,「BNK48 Team BⅢ Announcement」from BNK48 We Wish You! A Merry Christmas –Fan Meet– / BNK48,2017-12-26T13:32:13.000Z,484945,5620,119,0,472,https://www.youtube.com/watch?v=of4wkMsff3A
ohZ-HXdiXYg,BNK48 Show EP5 Break 03,2017-08-21T05:00:01.000Z,455185,2468,91,0,183,https://www.youtube.com/watch?v=ohZ-HXdiXYg
ooyxicrZW_s,29 Seconds of 29 members #01 : Can,2017-05-01T13:08:39.000Z,64180,732,13,0,34,https://www.youtube.com/watch?v=ooyxicrZW_s
osz-xpI_ODs,BNK48 SHOW EP11 Break02,2017-11-13T05:00:05.000Z,249966,1823,49,0,126,https://www.youtube.com/watch?v=osz-xpI_ODs
owk5Y1IbmZU,BNK48 Show EP12 Break03,2017-11-20T07:00:01.000Z,643016,5325,108,0,931,https://www.youtube.com/watch?v=owk5Y1IbmZU
oZR9Sit2S9Q,29 Seconds of 29 members #17 : Mobile,2017-05-01T13:08:44.000Z,69859,1375,92,0,118,https://www.youtube.com/watch?v=oZR9Sit2S9Q
OzWQW3VxReg,BNK48 Senpai ep.08 (Part 1),2017-03-17T09:09:45.000Z,346658,2077,53,0,97,https://www.youtube.com/watch?v=OzWQW3VxReg
p1YsiSzFec8,BNK48 Trainee｜Juthamas Khonta (Kheng),2018-11-16T05:45:00.000Z,46699,2002,21,0,137,https://www.youtube.com/watch?v=p1YsiSzFec8
pglJrYXlq_M,CHERPRANG VLOG EP05 : World Senbatsu in Japan / CherprangBNK48,2018-10-25T06:02:54.000Z,91533,4453,45,0,686,https://www.youtube.com/watch?v=pglJrYXlq_M
PlBmrf9NvFA,BNK48 Team BⅢ｜BNK48 Captain｜Cherprang Areekul (Cherprang),2018-11-16T05:45:01.000Z,249249,13360,250,0,1083,https://www.youtube.com/watch?v=PlBmrf9NvFA
Pm2sj7jlOcc,BNK48 Senpai ep.8 Annex (GROUP4),2017-04-23T04:37:07.000Z,67425,678,19,0,61,https://www.youtube.com/watch?v=Pm2sj7jlOcc
PNLiskllCoY,BNK48 Show EP03 Break01,2017-07-24T06:04:50.000Z,419194,4304,91,0,230,https://www.youtube.com/watch?v=PNLiskllCoY
pSvDu6OVCvE,KhunKai’s Kitchen EP25 : Punch Soda / KaimookBNK48,2018-09-05T05:10:44.000Z,93718,2245,24,0,200,https://www.youtube.com/watch?v=pSvDu6OVCvE
puzvi6-0KNY,「BNK48 3rd Single Announcement」from BNK48 We Wish You! A Merry Christmas –Fan Meet– / BNK48,2017-12-27T10:34:39.000Z,999496,11175,257,0,1764,https://www.youtube.com/watch?v=puzvi6-0KNY
PYc15-SefAI,BNK48 Trainee｜Paweethida Sakunpiphat (Fifa),2018-11-16T05:45:01.000Z,33114,1478,19,0,117,https://www.youtube.com/watch?v=PYc15-SefAI
Q_rGY9Ntx2U,BNK48 SHOW EP11 Break04,2017-11-13T05:00:01.000Z,626779,3649,153,0,277,https://www.youtube.com/watch?v=Q_rGY9Ntx2U
Q49T77N9Jns,BNK48 5th Single「BNK Festival」Senbatsu Members Announcement / BNK48,2018-09-30T14:57:44.000Z,333517,10838,147,0,2598,https://www.youtube.com/watch?v=Q49T77N9Jns
Q4mOk5c1ZMY,เพื่อนร่วมทาง The Journey Ep.02 Part 1,2018-01-18T17:16:59.000Z,187620,1784,37,0,93,https://www.youtube.com/watch?v=Q4mOk5c1ZMY
q7I6sA0xaiM,BNK48 Show EP5 Break 02,2017-08-21T05:00:01.000Z,753803,4627,179,0,396,https://www.youtube.com/watch?v=q7I6sA0xaiM
QC6e7DhZ9sw,BNK48 SHOW EP9 Break01,2017-09-18T05:00:01.000Z,759305,5260,165,0,345,https://www.youtube.com/watch?v=QC6e7DhZ9sw
QgXeLn_LjX0,BNK48 Senpai ep.12 (Part 2),2017-03-29T07:48:18.000Z,350085,3296,71,0,246,https://www.youtube.com/watch?v=QgXeLn_LjX0
qh3-_pJCXPw,BNK48 Team BⅢ｜BNK48 Team BⅢ Vice Captain｜Jennis Oprasert (Jennis),2018-11-16T05:45:00.000Z,150533,7620,125,0,535,https://www.youtube.com/watch?v=qh3-_pJCXPw
QkYPSuLYXpM,「BNK48 6th Single Senbatsu General Election」Announcement / BNK48,2018-09-30T15:00:07.000Z,372096,12924,155,0,2832,https://www.youtube.com/watch?v=QkYPSuLYXpM
QonPEkUPgto,เพื่อนร่วมทาง The Journey –South-Tohoku– Teaser,2018-02-01T04:18:14.000Z,35207,870,7,0,98,https://www.youtube.com/watch?v=QonPEkUPgto
qRb3Y4X-Ld0,เพื่อนร่วมทาง The Journey Ep.12 Part 3,2018-03-30T02:00:01.000Z,55138,992,27,0,139,https://www.youtube.com/watch?v=qRb3Y4X-Ld0
QWLZQ7gVFVM,BNK48 Official Live Stream,2017-06-02T08:33:26.000Z,22779,169,18,0,16,https://www.youtube.com/watch?v=QWLZQ7gVFVM
QWT0rVwdfoU,"Video Compilation from Tao Kae Noi Presents BNK48 1st Concert ""STARTO"" / BNK48",2018-04-03T09:15:09.000Z,136219,5566,80,0,571,https://www.youtube.com/watch?v=QWT0rVwdfoU
r78Ss9ObGqk,BNK48 Team BⅢ｜Jiradapa Intajak (Pupe),2018-11-16T05:45:00.000Z,244030,12392,136,0,1105,https://www.youtube.com/watch?v=r78Ss9ObGqk
rajKtMCNEGo,【PV】Yume e no Route หมื่นเส้นทาง (Special Olympics Thailand Collaboration ver.) / BNK48,2018-10-27T07:48:22.000Z,230728,14242,73,0,963,https://www.youtube.com/watch?v=rajKtMCNEGo
rHEJqKy1Ehk,BNK48 Senpai ep.03 (Part 3),2017-03-08T06:22:48.000Z,335704,1927,37,0,153,https://www.youtube.com/watch?v=rHEJqKy1Ehk
rIB8_gw2Mvw,BNK48 Senpai ep 09 Part 1,2017-03-22T06:55:14.000Z,501305,3401,75,0,158,https://www.youtube.com/watch?v=rIB8_gw2Mvw
rm_skrxii0Y,BNK48 Senpai ep.06 (Part 2),2017-03-15T08:13:14.000Z,429425,2845,50,0,179,https://www.youtube.com/watch?v=rm_skrxii0Y
RQ7PvFeHP4s,BNK48 Dance Battle VOL. 1,2017-06-14T13:35:23.000Z,226551,3019,26,0,176,https://www.youtube.com/watch?v=RQ7PvFeHP4s
RvF1ZI-eRQc,BNK48 Trainee｜Manipa Roopanya (Khamin),2018-11-16T05:45:00.000Z,44734,1981,15,0,211,https://www.youtube.com/watch?v=RvF1ZI-eRQc
s3ClkMWPMN0,BNK48 Senpai ep.04 (Part 2),2017-03-09T09:36:52.000Z,230666,1268,24,0,68,https://www.youtube.com/watch?v=s3ClkMWPMN0
S5rW_A15Egg,KhunKai’s Kitchen EP18 : Macaroni Kratin / KaimookBNK48,2018-09-04T03:36:28.000Z,15898,423,15,0,37,https://www.youtube.com/watch?v=S5rW_A15Egg
S7KaEEQUHAA,KhunKai’s Kitchen EP23 : Matcha Macaron / KaimookBNK48,2018-09-05T05:18:22.000Z,97815,2165,25,0,133,https://www.youtube.com/watch?v=S7KaEEQUHAA
s7sjMK948K4,29 Seconds of 29 members #19 : Namhom,2017-05-01T13:08:45.000Z,20357,277,10,0,8,https://www.youtube.com/watch?v=s7sjMK948K4
sbZUIJHWvLw,29 Seconds of 29 members #20 : Namneung,2017-05-01T13:08:46.000Z,28115,748,6,0,47,https://www.youtube.com/watch?v=sbZUIJHWvLw
Sc4E6PaxxOw,BNK48 Senpai ep 09 Part 4,2017-03-22T06:55:15.000Z,357095,2331,50,0,143,https://www.youtube.com/watch?v=Sc4E6PaxxOw
SgbxVmzjC6w,BNK48 Team BⅢ｜Natruja Chutiwansopon (Kaew),2018-11-16T05:45:01.000Z,107480,6302,46,0,526,https://www.youtube.com/watch?v=SgbxVmzjC6w
sGPvK_XnmAM,BNK48 Team BⅢ｜Milin Dokthian (Namneung),2018-11-16T05:45:00.000Z,133083,8064,44,0,1127,https://www.youtube.com/watch?v=sGPvK_XnmAM
si7irCmt0RQ,29 Seconds of 29 members #26 : Pun,2017-05-01T13:08:35.000Z,81338,1753,29,0,64,https://www.youtube.com/watch?v=si7irCmt0RQ
sI8B7H2fpsk,BNK48 Dance Battle Vol.2,2017-05-07T05:00:24.000Z,1307410,14192,355,0,1519,https://www.youtube.com/watch?v=sI8B7H2fpsk
sqXChZS7oOk,BNK48 Show EP12 Break01,2017-11-20T07:00:01.000Z,846257,5852,130,0,462,https://www.youtube.com/watch?v=sqXChZS7oOk
su_ZmVg0nw0,【PV】Yume e no Route หมื่นเส้นทาง / BNK48,2018-10-27T07:48:22.000Z,945970,36567,286,0,2621,https://www.youtube.com/watch?v=su_ZmVg0nw0
tApgSgYxywE,BNK48 Senpai ep.01 (Part 4),2017-03-01T14:54:02.000Z,547112,3454,72,0,736,https://www.youtube.com/watch?v=tApgSgYxywE
TFdu_jwfzUM,BNK48 Senpai ep.03 (Part 4),2017-03-08T06:22:48.000Z,264455,1600,26,0,121,https://www.youtube.com/watch?v=TFdu_jwfzUM
tRJxHvw_ZfU,เพื่อนร่วมทาง The Journey Ep.12 Part 2,2018-03-30T02:00:01.000Z,43528,616,20,0,93,https://www.youtube.com/watch?v=tRJxHvw_ZfU
tTcnj4Z9t0M,【MV Teaser】BNK Festival / BNK48,2018-11-15T13:00:07.000Z,220681,12748,113,0,1409,https://www.youtube.com/watch?v=tTcnj4Z9t0M
TxI8FViS2GM,"Video Messages「Koisuru Fortune Cookie 100,000,000 Views」 / BNK48",2018-04-02T04:30:07.000Z,170058,9281,91,0,1326,https://www.youtube.com/watch?v=TxI8FViS2GM
u6-EKyEB_Sw,BNK48 SHOW EP11 Break01,2017-11-13T05:00:03.000Z,480171,3617,95,0,303,https://www.youtube.com/watch?v=u6-EKyEB_Sw
U6JueTSzZj8,「BNK48 The Musical – Part 2」from BNK48 We Wish You! A Merry Christmas –Fan Meet– / BNK48,2018-01-01T03:00:06.000Z,275401,5871,43,0,651,https://www.youtube.com/watch?v=U6JueTSzZj8
u8KfteF4RIU,「BNK48 หมื่นเส้นทาง Challenge Project 〜Jiradapa Produced Concert〜」Announcement / BNK48,2018-08-19T12:25:35.000Z,177834,6971,79,0,1107,https://www.youtube.com/watch?v=u8KfteF4RIU
UCP2K0_dvhs,KhunKai’s Kitchen EP17 : White Day Menu / KaimookBNK48,2018-09-04T03:37:43.000Z,35312,732,17,0,55,https://www.youtube.com/watch?v=UCP2K0_dvhs
uEczTVCWMY8,เพื่อนร่วมทาง The Journey Ep.01 Part 2,2018-01-11T16:36:20.000Z,229736,1932,52,0,96,https://www.youtube.com/watch?v=uEczTVCWMY8
uIL3_T6gyas,BNK48 Senpai ep.11 (Part 1),2017-03-24T07:25:45.000Z,247017,1541,34,0,108,https://www.youtube.com/watch?v=uIL3_T6gyas
uJezNA2_jds,29 Seconds of 29 members #15 : Mind,2017-05-01T13:08:42.000Z,23919,466,6,0,9,https://www.youtube.com/watch?v=uJezNA2_jds
Ukhv25iwoL4,เพื่อนร่วมทาง The Journey Ep.06 Part 3,2018-02-15T16:03:43.000Z,87395,1103,23,0,117,https://www.youtube.com/watch?v=Ukhv25iwoL4
ULKIM6nOjo0,BNK48 Senpai ep.03 (Part 2),2017-03-08T06:22:47.000Z,379028,2134,46,0,109,https://www.youtube.com/watch?v=ULKIM6nOjo0
ulsdsRTzK0c,BNK48 Team BⅢ｜Patchanan Jiajirachote (Orn),2018-11-16T05:45:00.000Z,146175,6633,160,0,594,https://www.youtube.com/watch?v=ulsdsRTzK0c
UNeon5fZEIc,BNK48 SHOW EP11 Break03,2017-11-13T05:00:01.000Z,619485,3933,163,0,303,https://www.youtube.com/watch?v=UNeon5fZEIc
uO-esySN6qE,BNK48 SHOW EP7 Break01,2017-09-04T05:00:01.000Z,295949,2715,45,0,180,https://www.youtube.com/watch?v=uO-esySN6qE
UPGEqglbKbg,BNK48 Youtube,2017-08-31T13:39:16.000Z,138587,2054,28,0,83,https://www.youtube.com/watch?v=UPGEqglbKbg
UQrrUZ6-HgU,เพื่อนร่วมทาง The Journey Ep.11 Part 2,2018-03-22T16:00:02.000Z,46951,621,22,0,60,https://www.youtube.com/watch?v=UQrrUZ6-HgU
usvrekLfc6M,BNK48 Trainee｜Weeraya Zhang (Wee),2018-11-16T05:45:00.000Z,132482,7613,113,0,756,https://www.youtube.com/watch?v=usvrekLfc6M
UumbYoTLEVE,BNK48 Senpai ep.07 (Part 4),2017-03-16T07:02:05.000Z,305632,1954,42,0,164,https://www.youtube.com/watch?v=UumbYoTLEVE
uV0NmDX6uAA,29 Seconds of 29 members #10 : Kaimook,2017-05-01T13:08:46.000Z,51500,917,15,0,35,https://www.youtube.com/watch?v=uV0NmDX6uAA
V5ScG-apbSs,BNK48 Team BⅢ｜Praewa Suthamphong (Music),2018-11-16T05:45:00.000Z,182739,9016,407,0,1275,https://www.youtube.com/watch?v=V5ScG-apbSs
V5TO16lS-iM,【Audio Full】Shonichi วันแรก / BNK48,2018-03-29T06:18:25.000Z,3111412,45773,838,0,4644,https://www.youtube.com/watch?v=V5TO16lS-iM
v7cZ4CAzOi8,BNK48 Senpai ep.08 (Part 3),2017-03-17T09:09:44.000Z,256259,1519,34,0,106,https://www.youtube.com/watch?v=v7cZ4CAzOi8
VACu_EFIeLU,เพื่อนร่วมทาง The Journey Ep.11 Part 3,2018-03-22T16:00:01.000Z,54282,847,20,0,161,https://www.youtube.com/watch?v=VACu_EFIeLU
vAWpkeIjZl8,BNK48 Trainee｜Punyawee Jungcharoen (Aom),2018-11-16T05:45:01.000Z,50871,2281,29,0,190,https://www.youtube.com/watch?v=vAWpkeIjZl8
VHkstAtD2b4,เพื่อนร่วมทาง The Journey Ep.10 Part 2,2018-03-15T16:00:02.000Z,56319,777,16,0,115,https://www.youtube.com/watch?v=VHkstAtD2b4
VqrErnICWyM,BNK48 Team BⅢ Member & Stage Performance Announcement,2017-12-24T11:00:34.000Z,163457,2810,35,0,373,https://www.youtube.com/watch?v=VqrErnICWyM
vRllu01AlTQ,BNK48 Senpai ep.11 (Part 3),2017-03-24T07:25:45.000Z,394328,3118,61,0,313,https://www.youtube.com/watch?v=vRllu01AlTQ
Vu9uP3-vV08,BNK48 Senpai ep.07 (Part 2),2017-03-16T07:02:06.000Z,439952,2840,65,0,174,https://www.youtube.com/watch?v=Vu9uP3-vV08
W3pxGRjNjsw,เพื่อนร่วมทาง The Journey Ep.10 Part 1,2018-03-15T16:00:05.000Z,75857,937,24,0,89,https://www.youtube.com/watch?v=W3pxGRjNjsw
wAg4Q1QhCAM,BNK48 Senpai ep.11 (Part 2),2017-03-24T07:25:45.000Z,379082,2616,65,0,159,https://www.youtube.com/watch?v=wAg4Q1QhCAM
WG60D8BjJSY,BNK48 Senpai ep.04 (Part 1),2017-03-09T09:38:32.000Z,295002,2012,33,0,186,https://www.youtube.com/watch?v=WG60D8BjJSY
WHrL8VBZSZ4,BNK48 SHOW EP7 Break02,2017-09-04T05:00:00.000Z,536410,3917,139,0,370,https://www.youtube.com/watch?v=WHrL8VBZSZ4
wi8-h7vLFpE,BNK48 : GIRLS DON'T CRY | Official Teaser,2018-07-20T17:00:10.000Z,169958,8566,104,0,719,https://www.youtube.com/watch?v=wi8-h7vLFpE
WT2gRIrooM4,KhunKai’s Kitchen EP06 : Christmas Cookies / KaimookBNK48,2018-09-03T04:42:22.000Z,12369,673,11,0,37,https://www.youtube.com/watch?v=WT2gRIrooM4
wVJ-XxgNgD4,เพื่อนร่วมทาง The Journey Ep.04 Part 1,2018-02-02T06:31:56.000Z,146698,1702,26,0,152,https://www.youtube.com/watch?v=wVJ-XxgNgD4
wXfAMN_fvzc,BNK48 Senpai ep.06 (Part 3),2017-03-15T08:13:14.000Z,418613,2542,47,0,101,https://www.youtube.com/watch?v=wXfAMN_fvzc
x7Dq6P-OmW8,เพื่อนร่วมทาง The Journey Ep.01 Part 1,2018-01-11T16:36:20.000Z,424781,4790,94,0,232,https://www.youtube.com/watch?v=x7Dq6P-OmW8
XAS1SBYonYc,เพื่อนร่วมทาง The Journey Ep.05 Part 2,2018-02-08T16:32:46.000Z,98641,1161,20,0,105,https://www.youtube.com/watch?v=XAS1SBYonYc
XDsXar186ho,BNK48 Senpai ep.04 (Part 3),2017-03-09T09:39:01.000Z,218429,1130,30,0,83,https://www.youtube.com/watch?v=XDsXar186ho
Xi7D4wl_voQ,BNK48 Senpai ep.05 (Part 2),2017-03-10T09:30:57.000Z,655222,3867,94,0,727,https://www.youtube.com/watch?v=Xi7D4wl_voQ
Xl_VME1I_OY,29 Seconds of 29 members #03 : Cincin,2017-05-01T13:08:40.000Z,38069,370,15,0,14,https://www.youtube.com/watch?v=Xl_VME1I_OY
Xl5gLtnRIgk,เพื่อนร่วมทาง The Journey Ep.05 Part 1,2018-02-08T16:32:45.000Z,122792,1426,18,0,123,https://www.youtube.com/watch?v=Xl5gLtnRIgk
XLID310BFog,BNK48 : GIRLS DON’T CRY | Official Trailer (Online Ver.),2018-07-23T12:00:19.000Z,610965,21774,374,0,2963,https://www.youtube.com/watch?v=XLID310BFog
XMHEZTd5Df0,เพื่อนร่วมทาง The Journey Ep.09 Part 2,2018-03-08T16:00:09.000Z,63589,772,18,0,125,https://www.youtube.com/watch?v=XMHEZTd5Df0
xNEuiLFg-oI,KhunKai’s Kitchen EP08 : Ice Cream Homemade / KaimookBNK48,2018-09-03T04:44:06.000Z,8681,494,15,0,23,https://www.youtube.com/watch?v=xNEuiLFg-oI
XQujdhmhaUw,BNK48 Senpai ep.8 Annex (GROUP2),2017-04-23T04:37:09.000Z,81005,1081,21,0,123,https://www.youtube.com/watch?v=XQujdhmhaUw
XS1EXO_rjQY,【AKB48 53rdシングル世界選抜総選挙】Preliminary Results #120 Music (BNK48 Team BⅢ) Special Messages / BNK48,2018-05-31T11:20:22.000Z,154076,6807,104,0,711,https://www.youtube.com/watch?v=XS1EXO_rjQY
xSLA3JDzO40,CHERPRANG VLOG EP01 : World Senbatsu in Japan / CherprangBNK48,2018-09-10T08:33:45.000Z,333932,13421,168,0,1245,https://www.youtube.com/watch?v=xSLA3JDzO40
XUlfIkKclbQ,เพื่อนร่วมทาง The Journey Ep.13 Part 1,2018-04-07T03:30:01.000Z,125923,2053,70,0,222,https://www.youtube.com/watch?v=XUlfIkKclbQ
XvkFQdchBJY,เพื่อนร่วมทาง The Journey Ep.04 Part 3,2018-02-02T06:32:03.000Z,121612,1616,24,0,196,https://www.youtube.com/watch?v=XvkFQdchBJY
XYZODizO7_0,BNK48 Team BⅢ｜Suchaya Saenkhot (Jib),2018-11-16T05:45:01.000Z,54852,2708,52,0,327,https://www.youtube.com/watch?v=XYZODizO7_0
y1u6RnQbZ4E,BNK48 Senpai ep.02 (Part 3),2017-03-02T14:46:57.000Z,383468,2327,87,0,344,https://www.youtube.com/watch?v=y1u6RnQbZ4E
Y24rDkCy1Tg,BNK48 Trainee｜Warinrat Yolprasong (Niky),2018-11-16T05:45:01.000Z,37111,1731,29,0,172,https://www.youtube.com/watch?v=Y24rDkCy1Tg
Y8sNO94wQ90,BNK48 Trainee｜Khawisara Singplod (Myyu),2018-11-16T05:45:00.000Z,51679,2798,61,0,186,https://www.youtube.com/watch?v=Y8sNO94wQ90
y9LjvXWUk4k,BNK48 SHOW EP10 Break03,2017-11-06T05:21:08.000Z,364183,2428,64,0,191,https://www.youtube.com/watch?v=y9LjvXWUk4k
yBvu7BpOXGE,Koisuru Fortune Cookie –คุกกี้เสี่ยงทาย– (STAFF Ver.) / BNK48,2017-10-06T13:00:07.000Z,117996,3378,47,0,330,https://www.youtube.com/watch?v=yBvu7BpOXGE
YcqztRx1YAg,BNK48 Senpai ep.01 (Part 2),2017-03-01T14:54:03.000Z,951779,7575,191,0,951,https://www.youtube.com/watch?v=YcqztRx1YAg
YfFmDnIAK50,BNK48 Trainee｜Tarisa Preechatangkit (Stang),2018-11-16T05:45:01.000Z,30510,1473,18,0,140,https://www.youtube.com/watch?v=YfFmDnIAK50
yG9eQzSrytA,KhunKai's Kitchen EP13 : Fruit Ice Cream / KaimookBNK48,2018-09-04T03:28:19.000Z,10107,382,10,0,31,https://www.youtube.com/watch?v=yG9eQzSrytA
yHhchikSdwQ,BNK48 Senpai ep.12 (Part 1),2017-03-29T07:48:19.000Z,237569,1823,31,0,156,https://www.youtube.com/watch?v=yHhchikSdwQ
yhj_O7VtFbE,BNK48 Show EP12 Break02,2017-11-20T07:00:01.000Z,1950089,14808,531,0,1708,https://www.youtube.com/watch?v=yhj_O7VtFbE
yLezTzzyxX4,BNK48 Team BⅢ｜Panisa Srilaloeng (Mind),2018-11-16T05:45:01.000Z,54207,2691,47,0,241,https://www.youtube.com/watch?v=yLezTzzyxX4
yPBTJTozYoE,เพื่อนร่วมทาง The Journey Ep.06 Part 2,2018-02-15T16:03:43.000Z,88011,1008,24,0,93,https://www.youtube.com/watch?v=yPBTJTozYoE
YPiYpsh8NfQ,"「Skirt, Hirari –พลิ้ว–」from BNK48 We Wish You! A Merry Christmas –Fan Meet– / BNK48",2017-12-28T16:25:39.000Z,344732,4234,74,0,455,https://www.youtube.com/watch?v=YPiYpsh8NfQ
YqxSwFH36bI,"BNK48 2nd Single ""Koisuru Fortune Cookie –คุกกี้เสี่ยงทาย–"" Coupling Song Member Announcement",2017-09-23T12:16:53.000Z,58696,978,16,0,83,https://www.youtube.com/watch?v=YqxSwFH36bI
yR76JRVf9SM,「Kimi wa Melody –เธอคือ...เมโลดี้–」Senbatsu Members Announcement / BNK48,2018-08-18T11:15:31.000Z,822862,30338,512,0,8065,https://www.youtube.com/watch?v=yR76JRVf9SM
yUtJj1yl0lU,KhunKai’s Kitchen EP21 : โอนิกิริต้มยำกุ้ง! / KaimookBNK48,2018-09-05T04:58:29.000Z,49470,968,21,0,68,https://www.youtube.com/watch?v=yUtJj1yl0lU
yvnJ5cHRRmE,BNK48 Team BⅢ｜Pichayapa Natha (Namsai),2018-11-16T05:45:01.000Z,74097,3622,26,0,354,https://www.youtube.com/watch?v=yvnJ5cHRRmE
Yw7Z0ciDblQ,เพื่อนร่วมทาง The Journey Ep.13 Part 2,2018-04-07T03:30:00.000Z,81254,1385,50,0,168,https://www.youtube.com/watch?v=Yw7Z0ciDblQ
YzwGFd6iWHI,BNK48 Show EP02 Break02,2017-07-17T05:00:00.000Z,406108,2598,65,0,298,https://www.youtube.com/watch?v=YzwGFd6iWHI
zb5oAc3yJME,【LIVE】BNK48 Mini Concert「BNK48 WE LOVE YOU」/ BNK48,2017-09-23T11:21:19.000Z,226472,3593,44,0,425,https://www.youtube.com/watch?v=zb5oAc3yJME
ZEpI3N-Kgdg,เพื่อนร่วมทาง The Journey Ep.02 Part 2,2018-01-18T17:16:59.000Z,146834,1289,23,0,56,https://www.youtube.com/watch?v=ZEpI3N-Kgdg
zHKGQgnLX0U,BNK48 Trainee｜Rinrada Inthaisong (Piam),2018-11-16T05:45:00.000Z,51663,1946,79,0,151,https://www.youtube.com/watch?v=zHKGQgnLX0U
zIl4nbnnJ5M,BNK48 Trainee｜Nuttakul Pimtongchaikul (Gygee),2018-11-16T05:45:00.000Z,75385,4013,46,0,422,https://www.youtube.com/watch?v=zIl4nbnnJ5M
zimam9sk_7c,เพื่อนร่วมทาง The Journey Ep.11 Part 1,2018-03-22T16:00:06.000Z,67203,913,18,0,88,https://www.youtube.com/watch?v=zimam9sk_7c
Zm8KYCa46Ps,"VTR: AKS เปิดตัว ประกาศสร้างวงไอดอลน้องใหม่ BNK48, TPE48 และ MNL48",2016-03-28T05:56:32.000Z,101020,1653,37,0,245,https://www.youtube.com/watch?v=Zm8KYCa46Ps
zMy9FwNI3qs,BNK48 Trainee｜Plearnpichaya Komalarajun (Juné),2018-11-16T05:45:01.000Z,68348,2945,81,0,207,https://www.youtube.com/watch?v=zMy9FwNI3qs
ZR5uKlDArww,「Koisuru Fortune Cookie –คุกกี้เสี่ยงทาย–」from BNK48 Mini Live and Handshake / BNK48,2017-11-21T10:00:02.000Z,471279,4714,301,0,619,https://www.youtube.com/watch?v=ZR5uKlDArww
zVJIc_Dvo2E,"「Skirt, Hirari –พลิ้ว–」from BNK48 Mini Live and Handshake / BNK48",2017-11-21T10:00:03.000Z,1203852,11956,261,0,1663,https://www.youtube.com/watch?v=zVJIc_Dvo2E
