id,title,publication_date,viewCount,likeCount,dislikeCount,commentCount,url
Zm8KYCa46Ps,"VTR: AKS เปิดตัว ประกาศสร้างวงไอดอลน้องใหม่ BNK48, TPE48 และ MNL48",28/03/2016 12:56 PM,101020,1653,37,245,https://www.youtube.com/watch?v=Zm8KYCa46Ps
tApgSgYxywE,BNK48 Senpai ep.01 (Part 4),1/03/2017 9:54 PM,547112,3454,72,736,https://www.youtube.com/watch?v=tApgSgYxywE
YcqztRx1YAg,BNK48 Senpai ep.01 (Part 2),1/03/2017 9:54 PM,951779,7575,191,951,https://www.youtube.com/watch?v=YcqztRx1YAg
L6HgZqp-ew8,BNK48 Senpai ep.01 (Part 1),1/03/2017 9:54 PM,1347166,9763,320,978,https://www.youtube.com/watch?v=L6HgZqp-ew8
aSw2MyRU-7s,BNK48 Senpai ep.01 (Part 3),1/03/2017 9:54 PM,511290,1970,58,161,https://www.youtube.com/watch?v=aSw2MyRU-7s
NYGS6qXbu_E,BNK48 Senpai ep.02 (Part 4),2/03/2017 9:46 PM,518753,2999,60,385,https://www.youtube.com/watch?v=NYGS6qXbu_E
y1u6RnQbZ4E,BNK48 Senpai ep.02 (Part 3),2/03/2017 9:46 PM,383468,2327,87,344,https://www.youtube.com/watch?v=y1u6RnQbZ4E
7QFHoydr8us,BNK48 Senpai ep.02 (Part 2),2/03/2017 9:46 PM,413439,2876,55,473,https://www.youtube.com/watch?v=7QFHoydr8us
kjqcuAL91Hg,BNK48 Senpai ep.02 (Part 1),2/03/2017 9:46 PM,560929,3536,72,445,https://www.youtube.com/watch?v=kjqcuAL91Hg
ULKIM6nOjo0,BNK48 Senpai ep.03 (Part 2),8/03/2017 1:22 PM,379028,2134,46,109,https://www.youtube.com/watch?v=ULKIM6nOjo0
lvhKEdUyGK0,BNK48 Senpai ep.03 (Part 1),8/03/2017 1:22 PM,437731,2685,55,190,https://www.youtube.com/watch?v=lvhKEdUyGK0
TFdu_jwfzUM,BNK48 Senpai ep.03 (Part 4),8/03/2017 1:22 PM,264455,1600,26,121,https://www.youtube.com/watch?v=TFdu_jwfzUM
rHEJqKy1Ehk,BNK48 Senpai ep.03 (Part 3),8/03/2017 1:22 PM,335704,1927,37,153,https://www.youtube.com/watch?v=rHEJqKy1Ehk
s3ClkMWPMN0,BNK48 Senpai ep.04 (Part 2),9/03/2017 4:36 PM,230666,1268,24,68,https://www.youtube.com/watch?v=s3ClkMWPMN0
WG60D8BjJSY,BNK48 Senpai ep.04 (Part 1),9/03/2017 4:38 PM,295002,2012,33,186,https://www.youtube.com/watch?v=WG60D8BjJSY
XDsXar186ho,BNK48 Senpai ep.04 (Part 3),9/03/2017 4:39 PM,218429,1130,30,83,https://www.youtube.com/watch?v=XDsXar186ho
1a-vsnPGDKk,BNK48 Senpai ep.04 (Part 4),9/03/2017 4:39 PM,235474,1398,24,100,https://www.youtube.com/watch?v=1a-vsnPGDKk
i_hlpsY1q5U,BNK48 Senpai ep.05 (Part 1),10/03/2017 4:28 PM,1578231,11290,334,725,https://www.youtube.com/watch?v=i_hlpsY1q5U
Xi7D4wl_voQ,BNK48 Senpai ep.05 (Part 2),10/03/2017 4:30 PM,655222,3867,94,727,https://www.youtube.com/watch?v=Xi7D4wl_voQ
heVveAkVo8k,BNK48 Senpai ep.05 (Part 3),10/03/2017 4:31 PM,555462,3314,80,186,https://www.youtube.com/watch?v=heVveAkVo8k
-9yGTFlIkzY,BNK48 Senpai ep.05 (Part 4),10/03/2017 4:44 PM,367149,1832,48,95,https://www.youtube.com/watch?v=-9yGTFlIkzY
nFHb-y1SBUs,BNK48 Senpai ep.06 (Part 4),15/03/2017 3:13 PM,322117,1851,50,118,https://www.youtube.com/watch?v=nFHb-y1SBUs
wXfAMN_fvzc,BNK48 Senpai ep.06 (Part 3),15/03/2017 3:13 PM,418613,2542,47,101,https://www.youtube.com/watch?v=wXfAMN_fvzc
rm_skrxii0Y,BNK48 Senpai ep.06 (Part 2),15/03/2017 3:13 PM,429425,2845,50,179,https://www.youtube.com/watch?v=rm_skrxii0Y
dNt_nKa5Z4s,BNK48 Senpai ep.06 (Part 1),15/03/2017 3:13 PM,693755,5334,128,404,https://www.youtube.com/watch?v=dNt_nKa5Z4s
UumbYoTLEVE,BNK48 Senpai ep.07 (Part 4),16/03/2017 2:02 PM,305632,1954,42,164,https://www.youtube.com/watch?v=UumbYoTLEVE
5Gqof1dKNRY,BNK48 Senpai ep.07 (Part 3),16/03/2017 2:02 PM,339505,2022,45,177,https://www.youtube.com/watch?v=5Gqof1dKNRY
Vu9uP3-vV08,BNK48 Senpai ep.07 (Part 2),16/03/2017 2:02 PM,439952,2840,65,174,https://www.youtube.com/watch?v=Vu9uP3-vV08
gDlUgtoFcB0,BNK48 Senpai ep.07 (Part 1),16/03/2017 2:02 PM,714402,5014,143,374,https://www.youtube.com/watch?v=gDlUgtoFcB0
Gz1muenDaIM,BNK48 Senpai ep.08 (Part 4),17/03/2017 4:09 PM,959420,6437,240,454,https://www.youtube.com/watch?v=Gz1muenDaIM
v7cZ4CAzOi8,BNK48 Senpai ep.08 (Part 3),17/03/2017 4:09 PM,256259,1519,34,106,https://www.youtube.com/watch?v=v7cZ4CAzOi8
OzWQW3VxReg,BNK48 Senpai ep.08 (Part 1),17/03/2017 4:09 PM,346658,2077,53,97,https://www.youtube.com/watch?v=OzWQW3VxReg
AxT_Wwr35sI,BNK48 Senpai ep.08 (Part 2),17/03/2017 4:09 PM,264119,1486,26,146,https://www.youtube.com/watch?v=AxT_Wwr35sI
9ZgUs6YuKWw,BNK48 Senpai ep 09 Part 3,22/03/2017 1:55 PM,528260,3623,87,215,https://www.youtube.com/watch?v=9ZgUs6YuKWw
rIB8_gw2Mvw,BNK48 Senpai ep 09 Part 1,22/03/2017 1:55 PM,501305,3401,75,158,https://www.youtube.com/watch?v=rIB8_gw2Mvw
3n_gqCd026Q,BNK48 Senpai ep 09 Part 2,22/03/2017 1:55 PM,336451,2125,48,138,https://www.youtube.com/watch?v=3n_gqCd026Q
Sc4E6PaxxOw,BNK48 Senpai ep 09 Part 4,22/03/2017 1:55 PM,357095,2331,50,143,https://www.youtube.com/watch?v=Sc4E6PaxxOw
7B2ICj97BrY,BNK48 Senpai ep 10 Part 2,23/03/2017 2:00 PM,315031,2038,46,185,https://www.youtube.com/watch?v=7B2ICj97BrY
INsnsCrauXk,BNK48 Senpai ep 10 Part 3,23/03/2017 2:00 PM,255242,1511,32,134,https://www.youtube.com/watch?v=INsnsCrauXk
1dOxPrq68yg,BNK48 Senpai ep 10 Part 1,23/03/2017 2:00 PM,483036,3279,85,137,https://www.youtube.com/watch?v=1dOxPrq68yg
hrBAJaltYeY,BNK48 Senpai ep.11 (Part 4),24/03/2017 2:25 PM,220854,1359,31,72,https://www.youtube.com/watch?v=hrBAJaltYeY
wAg4Q1QhCAM,BNK48 Senpai ep.11 (Part 2),24/03/2017 2:25 PM,379082,2616,65,159,https://www.youtube.com/watch?v=wAg4Q1QhCAM
uIL3_T6gyas,BNK48 Senpai ep.11 (Part 1),24/03/2017 2:25 PM,247017,1541,34,108,https://www.youtube.com/watch?v=uIL3_T6gyas
vRllu01AlTQ,BNK48 Senpai ep.11 (Part 3),24/03/2017 2:25 PM,394328,3118,61,313,https://www.youtube.com/watch?v=vRllu01AlTQ
C2Nk12G0c2g,BNK48 Senpai ep 10 Part 4,25/03/2017 12:04 AM,211773,1377,14,62,https://www.youtube.com/watch?v=C2Nk12G0c2g
2Izh4wHNKGM,BNK48 Senpai ep.12 (Part 4),29/03/2017 2:48 PM,319457,1600,31,62,https://www.youtube.com/watch?v=2Izh4wHNKGM
An8S-S9ynpk,BNK48 Senpai ep.12 (Part 3),29/03/2017 2:48 PM,1119810,9307,209,519,https://www.youtube.com/watch?v=An8S-S9ynpk
QgXeLn_LjX0,BNK48 Senpai ep.12 (Part 2),29/03/2017 2:48 PM,350085,3296,71,246,https://www.youtube.com/watch?v=QgXeLn_LjX0
yHhchikSdwQ,BNK48 Senpai ep.12 (Part 1),29/03/2017 2:48 PM,237569,1823,31,156,https://www.youtube.com/watch?v=yHhchikSdwQ
LKi1zPis_3Q,BNK48 Senpai ep.13 (Part 3),31/03/2017 3:00 AM,337843,2644,58,82,https://www.youtube.com/watch?v=LKi1zPis_3Q
DCqoLx9Pe-g,BNK48 Senpai ep.13 (Part 4),31/03/2017 3:00 AM,235108,1425,34,50,https://www.youtube.com/watch?v=DCqoLx9Pe-g
d9ZCjNlyIhk,BNK48 Senpai ep.13 (Part 1),31/03/2017 3:00 AM,262078,1881,45,111,https://www.youtube.com/watch?v=d9ZCjNlyIhk
IhK2ZPEPdZQ,BNK48 Senpai ep.13 (Part 2),31/03/2017 3:00 AM,178424,1198,14,90,https://www.youtube.com/watch?v=IhK2ZPEPdZQ
3-_MOT8UQDc,BNK48 Senpai Special (Part 1),14/04/2017 12:48 PM,207743,1492,31,94,https://www.youtube.com/watch?v=3-_MOT8UQDc
aVXkn_CJ1Q8,BNK48 Senpai Special (part 2),21/04/2017 12:43 PM,142891,937,16,69,https://www.youtube.com/watch?v=aVXkn_CJ1Q8
3ka3RVkdSHQ,BNK48 Senpai ep.8 Annex (GROUP5),23/04/2017 11:37 AM,62903,739,10,86,https://www.youtube.com/watch?v=3ka3RVkdSHQ
Pm2sj7jlOcc,BNK48 Senpai ep.8 Annex (GROUP4),23/04/2017 11:37 AM,67425,678,19,61,https://www.youtube.com/watch?v=Pm2sj7jlOcc
amBs0BilqlU,BNK48 Senpai ep.8 Annex (GROUP3),23/04/2017 11:37 AM,244732,2233,41,176,https://www.youtube.com/watch?v=amBs0BilqlU
XQujdhmhaUw,BNK48 Senpai ep.8 Annex (GROUP2),23/04/2017 11:37 AM,81005,1081,21,123,https://www.youtube.com/watch?v=XQujdhmhaUw
H7YJVXifTeA,BNK48 Senpai ep.8 Annex (GROUP1),23/04/2017 11:37 AM,60005,692,18,60,https://www.youtube.com/watch?v=H7YJVXifTeA
-J43fsyvahk,BNK48 Senpai Special (Part 3),30/04/2017 11:03 PM,279675,2864,48,316,https://www.youtube.com/watch?v=-J43fsyvahk
f7QG8cEAZd4,29 Seconds of 29 members #29 : Tarwaan,1/05/2017 8:08 PM,45341,889,6,26,https://www.youtube.com/watch?v=f7QG8cEAZd4
m6i6oDSmgyA,29 Seconds of 29 members #28 : Satchan,1/05/2017 8:08 PM,62215,1044,24,38,https://www.youtube.com/watch?v=m6i6oDSmgyA
_1u5_atalnw,29 Seconds of 29 members #27 : Pupe,1/05/2017 8:08 PM,38335,880,8,37,https://www.youtube.com/watch?v=_1u5_atalnw
si7irCmt0RQ,29 Seconds of 29 members #26 : Pun,1/05/2017 8:08 PM,81338,1753,29,64,https://www.youtube.com/watch?v=si7irCmt0RQ
nwRFy64XONU,29 Seconds of 29 members #25 : Piam,1/05/2017 8:08 PM,29182,473,49,20,https://www.youtube.com/watch?v=nwRFy64XONU
fl6SbYkXIgs,29 Seconds of 29 members #24 : Orn,1/05/2017 8:08 PM,53378,944,12,29,https://www.youtube.com/watch?v=fl6SbYkXIgs
_UIMrIJUERg,29 Seconds of 29 members #12 : Kidcat,1/05/2017 8:08 PM,25687,365,21,21,https://www.youtube.com/watch?v=_UIMrIJUERg
ooyxicrZW_s,29 Seconds of 29 members #01 : Can,1/05/2017 8:08 PM,64180,732,13,34,https://www.youtube.com/watch?v=ooyxicrZW_s
Xl_VME1I_OY,29 Seconds of 29 members #03 : Cincin,1/05/2017 8:08 PM,38069,370,15,14,https://www.youtube.com/watch?v=Xl_VME1I_OY
EaAV9M4FFz0,29 Seconds of 29 members #02 : Cherprang,1/05/2017 8:08 PM,146478,3230,62,83,https://www.youtube.com/watch?v=EaAV9M4FFz0
guUIb2e_pbE,29 Seconds of 29 members #13 : Korn,1/05/2017 8:08 PM,23717,471,8,18,https://www.youtube.com/watch?v=guUIb2e_pbE
AZoMuq1baJA,29 Seconds of 29 members #04 : Jaa,1/05/2017 8:08 PM,30387,497,12,17,https://www.youtube.com/watch?v=AZoMuq1baJA
O0XTZu0SEj4,29 Seconds of 29 members #14 : Maysa,1/05/2017 8:08 PM,32739,550,142,25,https://www.youtube.com/watch?v=O0XTZu0SEj4
uJezNA2_jds,29 Seconds of 29 members #15 : Mind,1/05/2017 8:08 PM,23919,466,6,9,https://www.youtube.com/watch?v=uJezNA2_jds
0niyf7utzbA,29 Seconds of 29 members #05 : Jan,1/05/2017 8:08 PM,57904,1108,10,84,https://www.youtube.com/watch?v=0niyf7utzbA
fwGVoA8KfYM,29 Seconds of 29 members #16 : Miori,1/05/2017 8:08 PM,57286,1380,11,102,https://www.youtube.com/watch?v=fwGVoA8KfYM
9L7ghmCWkIs,29 Seconds of 29 members #06 : Jane,1/05/2017 8:08 PM,34719,565,6,40,https://www.youtube.com/watch?v=9L7ghmCWkIs
ad32tmJ9RLA,29 Seconds of 29 members #07 : Jennis,1/05/2017 8:08 PM,68406,1433,15,60,https://www.youtube.com/watch?v=ad32tmJ9RLA
oZR9Sit2S9Q,29 Seconds of 29 members #17 : Mobile,1/05/2017 8:08 PM,69859,1375,92,118,https://www.youtube.com/watch?v=oZR9Sit2S9Q
s7sjMK948K4,29 Seconds of 29 members #19 : Namhom,1/05/2017 8:08 PM,20357,277,10,8,https://www.youtube.com/watch?v=s7sjMK948K4
EPMOTzvYQaA,29 Seconds of 29 members #08 : Jib,1/05/2017 8:08 PM,26842,412,17,20,https://www.youtube.com/watch?v=EPMOTzvYQaA
ASLD15eaT6o,29 Seconds of 29 members #18 : Music,1/05/2017 8:08 PM,72956,1692,28,45,https://www.youtube.com/watch?v=ASLD15eaT6o
krWVurLdxM8,29 Seconds of 29 members #09 : Kaew,1/05/2017 8:08 PM,36249,736,6,23,https://www.youtube.com/watch?v=krWVurLdxM8
uV0NmDX6uAA,29 Seconds of 29 members #10 : Kaimook,1/05/2017 8:08 PM,51500,917,15,35,https://www.youtube.com/watch?v=uV0NmDX6uAA
sbZUIJHWvLw,29 Seconds of 29 members #20 : Namneung,1/05/2017 8:08 PM,28115,748,6,47,https://www.youtube.com/watch?v=sbZUIJHWvLw
5bJDLZTR8r4,29 Seconds of 29 members #21 : Namsai,1/05/2017 8:08 PM,25289,575,12,21,https://www.youtube.com/watch?v=5bJDLZTR8r4
DoNemEgETC8,29 Seconds of 29 members #11 : Kate,1/05/2017 8:08 PM,25204,398,9,13,https://www.youtube.com/watch?v=DoNemEgETC8
3f-Q1j4nbaI,29 Seconds of 29 members #22 : Nink,1/05/2017 8:08 PM,18997,315,14,9,https://www.youtube.com/watch?v=3f-Q1j4nbaI
JEXiiz_sl2E,29 Seconds of 29 members #23 : Noey,1/05/2017 8:08 PM,51754,1467,12,61,https://www.youtube.com/watch?v=JEXiiz_sl2E
sI8B7H2fpsk,BNK48 Dance Battle Vol.2,7/05/2017 12:00 PM,1307410,14192,355,1519,https://www.youtube.com/watch?v=sI8B7H2fpsk
QWLZQ7gVFVM,BNK48 Official Live Stream,2/06/2017 3:33 PM,22779,169,18,16,https://www.youtube.com/watch?v=QWLZQ7gVFVM
RQ7PvFeHP4s,BNK48 Dance Battle VOL. 1,14/06/2017 8:35 PM,226551,3019,26,176,https://www.youtube.com/watch?v=RQ7PvFeHP4s
0vMdDRduY88,BNK48 - Aitakatta (อยากจะได้พบเธอ) PV teaser,20/06/2017 9:38 PM,507572,7198,285,754,https://www.youtube.com/watch?v=0vMdDRduY88
FnL-bAdwgCY,Aitakatta (อยากจะได้พบเธอ) –Story Version– / BNK48,27/06/2017 11:00 AM,697114,11692,271,798,https://www.youtube.com/watch?v=FnL-bAdwgCY
aFZJk4FUSxc,BNK48 Show EP01 Break01,10/07/2017 3:16 PM,947093,7196,218,571,https://www.youtube.com/watch?v=aFZJk4FUSxc
jDTSy98flmg,BNK48 Show EP01 Break04,10/07/2017 3:19 PM,454309,2932,111,244,https://www.youtube.com/watch?v=jDTSy98flmg
LlqjiiwZhl0,BNK48 Show EP01 Break03,10/07/2017 3:19 PM,468392,3020,71,172,https://www.youtube.com/watch?v=LlqjiiwZhl0
5ti4qClvZTI,BNK48 Show EP01 Break02,10/07/2017 3:19 PM,462810,3698,96,293,https://www.youtube.com/watch?v=5ti4qClvZTI
_Q8yIyT3WZk,BNK48 Official Live Stream,12/07/2017 8:41 PM,50191,1273,6,44,https://www.youtube.com/watch?v=_Q8yIyT3WZk
0PG_36-qQHU,BNK48 Official Live Stream,16/07/2017 4:45 PM,67888,1343,14,55,https://www.youtube.com/watch?v=0PG_36-qQHU
KlFeUyIadOo,BNK48 Show EP02 Break01,17/07/2017 12:00 PM,427906,3187,60,251,https://www.youtube.com/watch?v=KlFeUyIadOo
YzwGFd6iWHI,BNK48 Show EP02 Break02,17/07/2017 12:00 PM,406108,2598,65,298,https://www.youtube.com/watch?v=YzwGFd6iWHI
AJOHWmeFjF0,BNK48 Show EP02 Break03,17/07/2017 12:00 PM,291445,1784,37,129,https://www.youtube.com/watch?v=AJOHWmeFjF0
kiIsJ_obGY4,BNK48 Show EP02 Break04,17/07/2017 12:00 PM,248710,1624,25,139,https://www.youtube.com/watch?v=kiIsJ_obGY4
-HLEvHg5a8w,BNK48 Show EP03 Break03,24/07/2017 1:04 PM,236184,1311,33,65,https://www.youtube.com/watch?v=-HLEvHg5a8w
4iaOF9X8qUY,BNK48 Show EP03 Break02,24/07/2017 1:04 PM,252974,1651,50,174,https://www.youtube.com/watch?v=4iaOF9X8qUY
PNLiskllCoY,BNK48 Show EP03 Break01,24/07/2017 1:04 PM,419194,4304,91,230,https://www.youtube.com/watch?v=PNLiskllCoY
Ggbf__BZp70,BNK48 Show EP03 Break04,24/07/2017 1:04 PM,249969,1556,50,111,https://www.youtube.com/watch?v=Ggbf__BZp70
IJpQeRLBQqo,BNK48 Show EP04 Break01,31/07/2017 4:52 PM,329887,2915,63,247,https://www.youtube.com/watch?v=IJpQeRLBQqo
0qKnNOFWSIQ,BNK48 Show EP04 Break02,31/07/2017 4:52 PM,1408841,8911,393,765,https://www.youtube.com/watch?v=0qKnNOFWSIQ
jsx0jxk9lE4,BNK48 Show EP04 Break03,31/07/2017 4:53 PM,614063,4219,124,255,https://www.youtube.com/watch?v=jsx0jxk9lE4
-QdTQDUVTs8,BNK48 Show EP04 Break04,31/07/2017 4:53 PM,377112,2352,73,153,https://www.youtube.com/watch?v=-QdTQDUVTs8
q7I6sA0xaiM,BNK48 Show EP5 Break 02,21/08/2017 12:00 PM,753803,4627,179,396,https://www.youtube.com/watch?v=q7I6sA0xaiM
6bZ9zeXaFCg,BNK48 Show EP5 Break 04,21/08/2017 12:00 PM,438969,3336,69,170,https://www.youtube.com/watch?v=6bZ9zeXaFCg
ohZ-HXdiXYg,BNK48 Show EP5 Break 03,21/08/2017 12:00 PM,455185,2468,91,183,https://www.youtube.com/watch?v=ohZ-HXdiXYg
BSQqiHsQ3lI,BNK48 Show EP5 Break 01,21/08/2017 12:00 PM,521649,4207,110,303,https://www.youtube.com/watch?v=BSQqiHsQ3lI
nG-d0_uARLM,BNK48 SHOW EP6 Break04,28/08/2017 8:47 PM,325814,2923,43,408,https://www.youtube.com/watch?v=nG-d0_uARLM
HppJaqr2dzo,BNK48 SHOW EP6 Break03,28/08/2017 8:47 PM,763037,4212,211,193,https://www.youtube.com/watch?v=HppJaqr2dzo
32i1Q79ym6E,BNK48 SHOW EP6 Break01,28/08/2017 8:47 PM,828703,7674,225,983,https://www.youtube.com/watch?v=32i1Q79ym6E
J5-J_5iUNuo,BNK48 SHOW EP6 Break02,28/08/2017 8:47 PM,279924,1661,51,97,https://www.youtube.com/watch?v=J5-J_5iUNuo
UPGEqglbKbg,BNK48 Youtube,31/08/2017 8:39 PM,138587,2054,28,83,https://www.youtube.com/watch?v=UPGEqglbKbg
LgKCDh2_g6I,BNK48 SHOW EP7 Break04,4/09/2017 12:00 PM,561641,3284,126,200,https://www.youtube.com/watch?v=LgKCDh2_g6I
WHrL8VBZSZ4,BNK48 SHOW EP7 Break02,4/09/2017 12:00 PM,536410,3917,139,370,https://www.youtube.com/watch?v=WHrL8VBZSZ4
Nip0rJCLlok,BNK48 SHOW EP7 Break03,4/09/2017 12:00 PM,787519,4763,184,580,https://www.youtube.com/watch?v=Nip0rJCLlok
uO-esySN6qE,BNK48 SHOW EP7 Break01,4/09/2017 12:00 PM,295949,2715,45,180,https://www.youtube.com/watch?v=uO-esySN6qE
l1yjDxu5fU8,BNK48 Digital Live Studio 7th Sep.r 2017,7/09/2017 8:31 PM,62416,1016,9,45,https://www.youtube.com/watch?v=l1yjDxu5fU8
l_gPPM83IaI,BNK48 ตัวอย่างวีดีโอเต้น Koisuru Fortune Cookie คุกกี้เสี่ยงทาย,10/09/2017 8:00 AM,109518,2123,31,148,https://www.youtube.com/watch?v=l_gPPM83IaI
8X1yMd3jBEU,BNK48 Digital Live Studio 10th September 2017 for Youtube,10/09/2017 9:29 PM,52075,757,15,44,https://www.youtube.com/watch?v=8X1yMd3jBEU
MaPKPfKNx1U,BNK48 Show EP8 Break02,11/09/2017 12:00 PM,405211,2880,86,254,https://www.youtube.com/watch?v=MaPKPfKNx1U
nKrS0uvG380,BNK48 Show EP8 Break04,11/09/2017 12:00 PM,639214,5136,141,407,https://www.youtube.com/watch?v=nKrS0uvG380
1Hv7yZITDOw,BNK48 Show EP8 Break03,11/09/2017 12:00 PM,268068,1698,57,111,https://www.youtube.com/watch?v=1Hv7yZITDOw
_ZxPQTQkMrQ,BNK48 Show EP8 Break01,11/09/2017 12:00 PM,284816,2770,53,199,https://www.youtube.com/watch?v=_ZxPQTQkMrQ
4AGt_BxDfjc,BNK48 Freetime Pre Season EP.1 !,15/09/2017 11:48 PM,526334,6875,106,669,https://www.youtube.com/watch?v=4AGt_BxDfjc
L3oy9k1-coo,BNK48 SHOW EP9 Break03,18/09/2017 12:00 PM,878552,5857,197,446,https://www.youtube.com/watch?v=L3oy9k1-coo
DKHrXLISyrE,BNK48 SHOW EP9 Break02,18/09/2017 12:00 PM,630587,4691,152,495,https://www.youtube.com/watch?v=DKHrXLISyrE
QC6e7DhZ9sw,BNK48 SHOW EP9 Break01,18/09/2017 12:00 PM,759305,5260,165,345,https://www.youtube.com/watch?v=QC6e7DhZ9sw
mOpNJ3Ygc1U,BNK48 SHOW EP9 Break04,18/09/2017 12:00 PM,422594,2505,75,171,https://www.youtube.com/watch?v=mOpNJ3Ygc1U
EBohsIguIYE,BNK48 Freetime Pre Season EP.2 !,23/09/2017 5:41 PM,846840,10330,137,1115,https://www.youtube.com/watch?v=EBohsIguIYE
zb5oAc3yJME,【LIVE】BNK48 Mini Concert「BNK48 WE LOVE YOU」/ BNK48,23/09/2017 6:21 PM,226472,3593,44,425,https://www.youtube.com/watch?v=zb5oAc3yJME
YqxSwFH36bI,"BNK48 2nd Single ""Koisuru Fortune Cookie –คุกกี้เสี่ยงทาย–"" Coupling Song Member Announcement",23/09/2017 7:16 PM,58696,978,16,83,https://www.youtube.com/watch?v=YqxSwFH36bI
NogZnIRNWmY,"BNK48 2nd Single ""Koisuru Fortune Cookie –คุกกี้เสี่ยงทาย–"" Senbatsu Member Announcement",23/09/2017 7:16 PM,161599,2558,48,245,https://www.youtube.com/watch?v=NogZnIRNWmY
yBvu7BpOXGE,Koisuru Fortune Cookie –คุกกี้เสี่ยงทาย– (STAFF Ver.) / BNK48,6/10/2017 8:00 PM,117996,3378,47,330,https://www.youtube.com/watch?v=yBvu7BpOXGE
6EciQXa0Pco,BNK48 SHOW EP10 Break01,6/11/2017 12:20 PM,339110,2960,74,238,https://www.youtube.com/watch?v=6EciQXa0Pco
Ibh5baH_GAU,BNK48 SHOW EP10 Break02,6/11/2017 12:20 PM,574221,3532,122,275,https://www.youtube.com/watch?v=Ibh5baH_GAU
y9LjvXWUk4k,BNK48 SHOW EP10 Break03,6/11/2017 12:21 PM,364183,2428,64,191,https://www.youtube.com/watch?v=y9LjvXWUk4k
2Aj2qfdRNjw,BNK48 SHOW EP10 Break04,6/11/2017 12:21 PM,300203,2363,64,166,https://www.youtube.com/watch?v=2Aj2qfdRNjw
fNv0tWE42G0,BNK48 : Founder Member Announcement Teaser,6/11/2017 8:00 PM,29036,479,23,113,https://www.youtube.com/watch?v=fNv0tWE42G0
C39JU7Drb90,BNK48 Introduction (November 2017),10/11/2017 4:48 PM,44979,1624,12,112,https://www.youtube.com/watch?v=C39JU7Drb90
BQV4zalC384,BNK48 Digital Live Studio 12th November 2017,12/11/2017 5:51 PM,47820,745,8,40,https://www.youtube.com/watch?v=BQV4zalC384
Q_rGY9Ntx2U,BNK48 SHOW EP11 Break04,13/11/2017 12:00 PM,626779,3649,153,277,https://www.youtube.com/watch?v=Q_rGY9Ntx2U
UNeon5fZEIc,BNK48 SHOW EP11 Break03,13/11/2017 12:00 PM,619485,3933,163,303,https://www.youtube.com/watch?v=UNeon5fZEIc
u6-EKyEB_Sw,BNK48 SHOW EP11 Break01,13/11/2017 12:00 PM,480171,3617,95,303,https://www.youtube.com/watch?v=u6-EKyEB_Sw
osz-xpI_ODs,BNK48 SHOW EP11 Break02,13/11/2017 12:00 PM,249966,1823,49,126,https://www.youtube.com/watch?v=osz-xpI_ODs
2rqwrVz-6Zw,"BNK48 Travel Show ""เพื่อนร่วมทาง The Journey"" Teaser",18/11/2017 1:00 PM,70793,2160,13,238,https://www.youtube.com/watch?v=2rqwrVz-6Zw
mfqJyKm20Z4,【MV Full】Koisuru Fortune Cookie คุกกี้เสี่ยงทาย / BNK48,18/11/2017 6:11 PM,159317405,685205,65675,123533,https://www.youtube.com/watch?v=mfqJyKm20Z4
sqXChZS7oOk,BNK48 Show EP12 Break01,20/11/2017 2:00 PM,846257,5852,130,462,https://www.youtube.com/watch?v=sqXChZS7oOk
yhj_O7VtFbE,BNK48 Show EP12 Break02,20/11/2017 2:00 PM,1950089,14808,531,1708,https://www.youtube.com/watch?v=yhj_O7VtFbE
_eHDMskfNyc,BNK48 Show EP12 Break04,20/11/2017 2:00 PM,486446,2758,49,178,https://www.youtube.com/watch?v=_eHDMskfNyc
owk5Y1IbmZU,BNK48 Show EP12 Break03,20/11/2017 2:00 PM,643016,5325,108,931,https://www.youtube.com/watch?v=owk5Y1IbmZU
Bj8qfU5nTZc,「BNK48」from BNK48 Mini Live and Handshake / BNK48,21/11/2017 5:00 PM,145068,2162,40,162,https://www.youtube.com/watch?v=Bj8qfU5nTZc
6hqI1pekBG4,「Oogoe Diamond –ก็ชอบ ให้รู้ว่าชอบ–」from BNK48 Mini Live and Handshake / BNK48,21/11/2017 5:00 PM,172883,2241,107,291,https://www.youtube.com/watch?v=6hqI1pekBG4
c8Q2RBxNSXw,「365nichi no Kamihikouki –365 วันกับเครื่องบินกระดาษ–」from BNK48 Mini Live and Handshake / BNK48,21/11/2017 5:00 PM,445243,6233,103,283,https://www.youtube.com/watch?v=c8Q2RBxNSXw
ZR5uKlDArww,「Koisuru Fortune Cookie –คุกกี้เสี่ยงทาย–」from BNK48 Mini Live and Handshake / BNK48,21/11/2017 5:00 PM,471279,4714,301,619,https://www.youtube.com/watch?v=ZR5uKlDArww
zVJIc_Dvo2E,"「Skirt, Hirari –พลิ้ว–」from BNK48 Mini Live and Handshake / BNK48",21/11/2017 5:00 PM,1203852,11956,261,1663,https://www.youtube.com/watch?v=zVJIc_Dvo2E
cbYDUrMx3wc,「BNK48 General Manager Keynote Presentation」from BNK48 Mini Live and Handshake / BNK48,23/11/2017 12:00 PM,122642,1651,27,176,https://www.youtube.com/watch?v=cbYDUrMx3wc
_ncz1_Cz6hk,Koisuru Fortune Cookie –คุกกี้เสี่ยงทาย– (FAN COMPILATION ver.) / BNK48,3/12/2017 6:00 PM,288428,7978,135,739,https://www.youtube.com/watch?v=_ncz1_Cz6hk
a4-HoIn_B6A,BNK48 SHOW EP13 (Director's Cut) Break04,5/12/2017 12:00 PM,981057,7768,250,932,https://www.youtube.com/watch?v=a4-HoIn_B6A
aw098MkvpUU,BNK48 SHOW EP13 (Director's Cut) Break01,5/12/2017 12:00 PM,1100830,7146,255,673,https://www.youtube.com/watch?v=aw098MkvpUU
8yJmAMP0RP4,BNK48 SHOW EP13 (Director's Cut) Break02,5/12/2017 12:00 PM,2258195,14745,702,1002,https://www.youtube.com/watch?v=8yJmAMP0RP4
O_RFhMlUtp4,BNK48 SHOW EP13 (Director's Cut) Break03,5/12/2017 12:00 PM,1341882,7954,295,768,https://www.youtube.com/watch?v=O_RFhMlUtp4
VqrErnICWyM,BNK48 Team BⅢ Member & Stage Performance Announcement,24/12/2017 6:00 PM,163457,2810,35,373,https://www.youtube.com/watch?v=VqrErnICWyM
8DXzHGJqqaE,BNK48 Team BⅢ Captain & Vice Captain Announcement,24/12/2017 6:00 PM,121795,2294,39,302,https://www.youtube.com/watch?v=8DXzHGJqqaE
7FTgq-3lMys,BNK48 WE NEED YOU 2 : 2nd Generation Audition Announcement,24/12/2017 10:32 PM,84870,1733,18,401,https://www.youtube.com/watch?v=7FTgq-3lMys
gRc7JI3xc7Q,「Christmas Medley」from BNK48 We Wish You! A Merry Christmas –Fan Meet– / BNK48,25/12/2017 7:30 PM,141463,3703,61,254,https://www.youtube.com/watch?v=gRc7JI3xc7Q
of4wkMsff3A,「BNK48 Team BⅢ Announcement」from BNK48 We Wish You! A Merry Christmas –Fan Meet– / BNK48,26/12/2017 8:32 PM,484945,5620,119,472,https://www.youtube.com/watch?v=of4wkMsff3A
puzvi6-0KNY,「BNK48 3rd Single Announcement」from BNK48 We Wish You! A Merry Christmas –Fan Meet– / BNK48,27/12/2017 5:34 PM,999496,11175,257,1764,https://www.youtube.com/watch?v=puzvi6-0KNY
4HdXfXEQ1GE,「Koisuru Fortune Cookie –คุกกี้เสี่ยงทาย–」from BNK48 We Wish You! A Merry Christmas / BNK48,28/12/2017 11:25 PM,584388,5866,111,531,https://www.youtube.com/watch?v=4HdXfXEQ1GE
8BY1sLEFDJE,「Oogoe Diamond –ก็ชอบ ให้รู้ว่าชอบ–」from BNK48 We Wish You! A Merry Christmas –Fan Meet– / BNK48,28/12/2017 11:25 PM,1003364,8663,181,620,https://www.youtube.com/watch?v=8BY1sLEFDJE
kMKIybO_1Pw,「Shonichi (Instrumental solo ver.)」from BNK48 We Wish You! A Merry Christmas –Fan Meet– / BNK48,28/12/2017 11:25 PM,355208,7217,77,368,https://www.youtube.com/watch?v=kMKIybO_1Pw
1GFytjig8AE,「BNK48」from BNK48 We Wish You! A Merry Christmas –Fan Meet– / BNK48,28/12/2017 11:25 PM,549519,5832,86,221,https://www.youtube.com/watch?v=1GFytjig8AE
YPiYpsh8NfQ,"「Skirt, Hirari –พลิ้ว–」from BNK48 We Wish You! A Merry Christmas –Fan Meet– / BNK48",28/12/2017 11:25 PM,344732,4234,74,455,https://www.youtube.com/watch?v=YPiYpsh8NfQ
GyiXtTGlH3g,「BNK48 The Musical – Part 1」from BNK48 We Wish You! A Merry Christmas –Fan Meet– / BNK48,1/01/2018 10:00 AM,417441,8098,75,729,https://www.youtube.com/watch?v=GyiXtTGlH3g
U6JueTSzZj8,「BNK48 The Musical – Part 2」from BNK48 We Wish You! A Merry Christmas –Fan Meet– / BNK48,1/01/2018 10:00 AM,275401,5871,43,651,https://www.youtube.com/watch?v=U6JueTSzZj8
cbWPi-XGbes,เพื่อนร่วมทาง The Journey Ep.01 Part 3,11/01/2018 11:36 PM,231301,1901,48,76,https://www.youtube.com/watch?v=cbWPi-XGbes
x7Dq6P-OmW8,เพื่อนร่วมทาง The Journey Ep.01 Part 1,11/01/2018 11:36 PM,424781,4790,94,232,https://www.youtube.com/watch?v=x7Dq6P-OmW8
uEczTVCWMY8,เพื่อนร่วมทาง The Journey Ep.01 Part 2,11/01/2018 11:36 PM,229736,1932,52,96,https://www.youtube.com/watch?v=uEczTVCWMY8
eeuTtGoTTeo,「BNK48 3rd Single Coupling Song Announcement」from BNK48 2nd Single Handshake Event / BNK48,13/01/2018 4:53 PM,258283,5466,85,1218,https://www.youtube.com/watch?v=eeuTtGoTTeo
Q4mOk5c1ZMY,เพื่อนร่วมทาง The Journey Ep.02 Part 1,19/01/2018 12:16 AM,187620,1784,37,93,https://www.youtube.com/watch?v=Q4mOk5c1ZMY
eLhtcHvGbZI,เพื่อนร่วมทาง The Journey Ep.02 Part 3,19/01/2018 12:16 AM,146141,1598,17,158,https://www.youtube.com/watch?v=eLhtcHvGbZI
ZEpI3N-Kgdg,เพื่อนร่วมทาง The Journey Ep.02 Part 2,19/01/2018 12:16 AM,146834,1289,23,56,https://www.youtube.com/watch?v=ZEpI3N-Kgdg
bJ082yODsvQ,เพื่อนร่วมทาง The Journey Ep.03 Part 2,25/01/2018 10:13 PM,155961,1377,17,113,https://www.youtube.com/watch?v=bJ082yODsvQ
94beu14lpq8,เพื่อนร่วมทาง The Journey Ep.03 Part 1,25/01/2018 10:13 PM,217073,2122,35,141,https://www.youtube.com/watch?v=94beu14lpq8
3ZgwgOBYTas,เพื่อนร่วมทาง The Journey Ep.03 Part 3,25/01/2018 10:13 PM,175388,1811,20,155,https://www.youtube.com/watch?v=3ZgwgOBYTas
Lb96igqAXhE,Important Announcement from BNK48 Committee / BNK48,29/01/2018 6:00 PM,442675,9078,365,2698,https://www.youtube.com/watch?v=Lb96igqAXhE
QonPEkUPgto,เพื่อนร่วมทาง The Journey –South-Tohoku– Teaser,1/02/2018 11:18 AM,35207,870,7,98,https://www.youtube.com/watch?v=QonPEkUPgto
MZNeqW0Dykk,เพื่อนร่วมทาง The Journey Ep.04 Part 2,2/02/2018 1:31 PM,112171,1050,26,82,https://www.youtube.com/watch?v=MZNeqW0Dykk
wVJ-XxgNgD4,เพื่อนร่วมทาง The Journey Ep.04 Part 1,2/02/2018 1:31 PM,146698,1702,26,152,https://www.youtube.com/watch?v=wVJ-XxgNgD4
XvkFQdchBJY,เพื่อนร่วมทาง The Journey Ep.04 Part 3,2/02/2018 1:32 PM,121612,1616,24,196,https://www.youtube.com/watch?v=XvkFQdchBJY
01Fj8yDyXVM,BNK48 Introduction (February 2018),8/02/2018 5:27 PM,203626,6252,96,780,https://www.youtube.com/watch?v=01Fj8yDyXVM
Xl5gLtnRIgk,เพื่อนร่วมทาง The Journey Ep.05 Part 1,8/02/2018 11:32 PM,122792,1426,18,123,https://www.youtube.com/watch?v=Xl5gLtnRIgk
XAS1SBYonYc,เพื่อนร่วมทาง The Journey Ep.05 Part 2,8/02/2018 11:32 PM,98641,1161,20,105,https://www.youtube.com/watch?v=XAS1SBYonYc
-t4Ee33wOWs,เพื่อนร่วมทาง The Journey Ep.05 Part 3,9/02/2018 1:14 PM,104869,1184,29,105,https://www.youtube.com/watch?v=-t4Ee33wOWs
Ldj8T0nojq8,เพื่อนร่วมทาง The Journey Ep.06 Part 1,15/02/2018 11:03 PM,108722,1436,24,131,https://www.youtube.com/watch?v=Ldj8T0nojq8
yPBTJTozYoE,เพื่อนร่วมทาง The Journey Ep.06 Part 2,15/02/2018 11:03 PM,88011,1008,24,93,https://www.youtube.com/watch?v=yPBTJTozYoE
Ukhv25iwoL4,เพื่อนร่วมทาง The Journey Ep.06 Part 3,15/02/2018 11:03 PM,87395,1103,23,117,https://www.youtube.com/watch?v=Ukhv25iwoL4
FnawecgNFt8,เพื่อนร่วมทาง The Journey Ep.07 Part 1,22/02/2018 10:00 PM,94968,1289,18,119,https://www.youtube.com/watch?v=FnawecgNFt8
Foahwp9BTW0,เพื่อนร่วมทาง The Journey Ep.07 Part 2,22/02/2018 10:00 PM,85206,1418,22,175,https://www.youtube.com/watch?v=Foahwp9BTW0
IYhMXb-7fJY,เพื่อนร่วมทาง The Journey Ep.07 Part 3,22/02/2018 10:00 PM,89826,1721,18,248,https://www.youtube.com/watch?v=IYhMXb-7fJY
awJd6vaaZlc,【MV Full】Anata to Christmas Eve คำสัญญาแห่งคริสต์มาสอีฟ / BNK48,26/02/2018 7:34 PM,4454689,76901,2197,11891,https://www.youtube.com/watch?v=awJd6vaaZlc
JBnRbW71uI8,เพื่อนร่วมทาง The Journey Ep.08 Part 2,1/03/2018 11:00 PM,83177,804,20,64,https://www.youtube.com/watch?v=JBnRbW71uI8
b05YrAEe6bo,เพื่อนร่วมทาง The Journey Ep.08 Part 1,1/03/2018 11:00 PM,117372,1525,29,133,https://www.youtube.com/watch?v=b05YrAEe6bo
bKAO05PQX8w,เพื่อนร่วมทาง The Journey Ep.08 Part 3,8/03/2018 10:11 PM,66637,788,15,88,https://www.youtube.com/watch?v=bKAO05PQX8w
BKHHw5vuubk,เพื่อนร่วมทาง The Journey Ep.09 Part 1,8/03/2018 11:00 PM,81198,1004,12,107,https://www.youtube.com/watch?v=BKHHw5vuubk
XMHEZTd5Df0,เพื่อนร่วมทาง The Journey Ep.09 Part 2,8/03/2018 11:00 PM,63589,772,18,125,https://www.youtube.com/watch?v=XMHEZTd5Df0
gT9KMFyXhYU,เพื่อนร่วมทาง The Journey Ep.09 Part 3,8/03/2018 11:28 PM,72390,1057,22,178,https://www.youtube.com/watch?v=gT9KMFyXhYU
lHWThIEnZ5w,BNK48 × Changsuek เชียร์ไทยใช้ใจล้วนๆ,13/03/2018 6:00 PM,475352,12961,159,1357,https://www.youtube.com/watch?v=lHWThIEnZ5w
JMMGB_OIWxU,เพื่อนร่วมทาง The Journey Ep.10 Part 3,15/03/2018 11:00 PM,55740,752,16,140,https://www.youtube.com/watch?v=JMMGB_OIWxU
VHkstAtD2b4,เพื่อนร่วมทาง The Journey Ep.10 Part 2,15/03/2018 11:00 PM,56319,777,16,115,https://www.youtube.com/watch?v=VHkstAtD2b4
W3pxGRjNjsw,เพื่อนร่วมทาง The Journey Ep.10 Part 1,15/03/2018 11:00 PM,75857,937,24,89,https://www.youtube.com/watch?v=W3pxGRjNjsw
7ASjpSbmz0A,【MV Teaser】Shonichi วันแรก / BNK48,21/03/2018 6:00 PM,392705,14559,222,2078,https://www.youtube.com/watch?v=7ASjpSbmz0A
VACu_EFIeLU,เพื่อนร่วมทาง The Journey Ep.11 Part 3,22/03/2018 11:00 PM,54282,847,20,161,https://www.youtube.com/watch?v=VACu_EFIeLU
UQrrUZ6-HgU,เพื่อนร่วมทาง The Journey Ep.11 Part 2,22/03/2018 11:00 PM,46951,621,22,60,https://www.youtube.com/watch?v=UQrrUZ6-HgU
zimam9sk_7c,เพื่อนร่วมทาง The Journey Ep.11 Part 1,22/03/2018 11:00 PM,67203,913,18,88,https://www.youtube.com/watch?v=zimam9sk_7c
V5TO16lS-iM,【Audio Full】Shonichi วันแรก / BNK48,29/03/2018 1:18 PM,3111412,45773,838,4644,https://www.youtube.com/watch?v=V5TO16lS-iM
1_gg3Cocjjg,เพื่อนร่วมทาง The Journey Ep.12 Part 1,30/03/2018 9:00 AM,61623,1009,31,189,https://www.youtube.com/watch?v=1_gg3Cocjjg
qRb3Y4X-Ld0,เพื่อนร่วมทาง The Journey Ep.12 Part 3,30/03/2018 9:00 AM,55138,992,27,139,https://www.youtube.com/watch?v=qRb3Y4X-Ld0
tRJxHvw_ZfU,เพื่อนร่วมทาง The Journey Ep.12 Part 2,30/03/2018 9:00 AM,43528,616,20,93,https://www.youtube.com/watch?v=tRJxHvw_ZfU
J9D2VqWadxc,"「RIVER」Senbatsu Announcement from Tao Kae Noi Presents BNK48 1st Concert ""STARTO"" / BNK48",31/03/2018 9:50 PM,387185,10912,178,2403,https://www.youtube.com/watch?v=J9D2VqWadxc
7lKDNvhvMiM,Shonichi The Stories / BNK48,1/04/2018 9:35 PM,767518,37771,500,5247,https://www.youtube.com/watch?v=7lKDNvhvMiM
TxI8FViS2GM,"Video Messages「Koisuru Fortune Cookie 100,000,000 Views」 / BNK48",2/04/2018 11:30 AM,170058,9281,91,1326,https://www.youtube.com/watch?v=TxI8FViS2GM
QWT0rVwdfoU,"Video Compilation from Tao Kae Noi Presents BNK48 1st Concert ""STARTO"" / BNK48",3/04/2018 4:15 PM,136219,5566,80,571,https://www.youtube.com/watch?v=QWT0rVwdfoU
j4__wZnPLOQ,เพื่อนร่วมทาง The Journey Ep.13 Part 3,7/04/2018 10:30 AM,73231,1547,47,256,https://www.youtube.com/watch?v=j4__wZnPLOQ
Yw7Z0ciDblQ,เพื่อนร่วมทาง The Journey Ep.13 Part 2,7/04/2018 10:30 AM,81254,1385,50,168,https://www.youtube.com/watch?v=Yw7Z0ciDblQ
XUlfIkKclbQ,เพื่อนร่วมทาง The Journey Ep.13 Part 1,7/04/2018 10:30 AM,125923,2053,70,222,https://www.youtube.com/watch?v=XUlfIkKclbQ
IMx1ojx2fiE,【MV Full】Shonichi วันแรก / BNK48,10/04/2018 9:00 AM,9142543,140237,4433,14816,https://www.youtube.com/watch?v=IMx1ojx2fiE
4TKCbe8jyRI,【MV Full】RIVER / BNK48,30/04/2018 10:00 PM,17561474,236297,14887,48370,https://www.youtube.com/watch?v=4TKCbe8jyRI
XS1EXO_rjQY,【AKB48 53rdシングル世界選抜総選挙】Preliminary Results #120 Music (BNK48 Team BⅢ) Special Messages / BNK48,31/05/2018 6:20 PM,154076,6807,104,711,https://www.youtube.com/watch?v=XS1EXO_rjQY
3cvKAEbeSOM,【AKB48 53rdシングル世界選抜総選挙】Preliminary Results #101 Cherprang (BNK48 Team BⅢ) Special Messages / BNK48,31/05/2018 6:20 PM,211270,9785,109,1011,https://www.youtube.com/watch?v=3cvKAEbeSOM
kuhnap44Izo,「Tsugi no Season –ฤดูใหม่–」Senbatsu Members Announcement / BNK48,17/07/2018 9:15 PM,274958,13048,245,1963,https://www.youtube.com/watch?v=kuhnap44Izo
wi8-h7vLFpE,BNK48 : GIRLS DON'T CRY | Official Teaser,21/07/2018 12:00 AM,169958,8566,104,719,https://www.youtube.com/watch?v=wi8-h7vLFpE
XLID310BFog,BNK48 : GIRLS DON’T CRY | Official Trailer (Online Ver.),23/07/2018 7:00 PM,610965,21774,374,2963,https://www.youtube.com/watch?v=XLID310BFog
5txOhaAtb7Y,BNK48 : GIRLS DON’T CRY | Official Trailer (Cinema Ver.),26/07/2018 7:00 PM,351788,15643,166,1723,https://www.youtube.com/watch?v=5txOhaAtb7Y
A2VrbwgWjT0,【MV Full】Tsugi no Season ฤดูใหม่ / BNK48,3/08/2018 8:00 PM,13088142,172316,8324,30146,https://www.youtube.com/watch?v=A2VrbwgWjT0
yR76JRVf9SM,「Kimi wa Melody –เธอคือ...เมโลดี้–」Senbatsu Members Announcement / BNK48,18/08/2018 6:15 PM,822862,30338,512,8065,https://www.youtube.com/watch?v=yR76JRVf9SM
bmMAKDC-PZI,「Yume e no Route –หมื่นเส้นทาง–」Senbatsu Members Announcement / BNK48,19/08/2018 7:25 PM,391132,15008,185,3113,https://www.youtube.com/watch?v=bmMAKDC-PZI
u8KfteF4RIU,「BNK48 หมื่นเส้นทาง Challenge Project 〜Jiradapa Produced Concert〜」Announcement / BNK48,19/08/2018 7:25 PM,177834,6971,79,1107,https://www.youtube.com/watch?v=u8KfteF4RIU
MjQgdETPG3k,BNK48 SENPAI : 2nd Generation | Teaser,30/08/2018 5:48 PM,192101,8521,147,904,https://www.youtube.com/watch?v=MjQgdETPG3k
nag9fwxFBAo,【MV Teaser】Kimi wa Melody เธอคือ…เมโลดี้ / BNK48,1/09/2018 10:00 AM,383027,22479,186,2890,https://www.youtube.com/watch?v=nag9fwxFBAo
Lp0AyFwYR44,KhunKai’s Kitchen EP01 : Meringue / KaimookBNK48,3/09/2018 11:40 AM,40487,1653,25,134,https://www.youtube.com/watch?v=Lp0AyFwYR44
ocHexbCqcxE,KhunKai’s Kitchen EP02 : Animal Pancake / KaimookBNK48,3/09/2018 11:40 AM,23982,1191,16,96,https://www.youtube.com/watch?v=ocHexbCqcxE
LpLWRd5Lfdg,KhunKai’s Kitchen EP03 : Strawberry Panna Cotta / KaimookBNK48,3/09/2018 11:41 AM,23603,1244,17,94,https://www.youtube.com/watch?v=LpLWRd5Lfdg
gTbh_3Mglsc,KhunKai’s Kitchen EP04 : Rainbow Pancake / KaimookBNK48,3/09/2018 11:41 AM,20026,1145,18,80,https://www.youtube.com/watch?v=gTbh_3Mglsc
ivQbU5i8EXc,KhunKai’s Kitchen EP05 : Santa Claus Jelly / KaimookBNK48,3/09/2018 11:41 AM,15356,769,13,40,https://www.youtube.com/watch?v=ivQbU5i8EXc
WT2gRIrooM4,KhunKai’s Kitchen EP06 : Christmas Cookies / KaimookBNK48,3/09/2018 11:42 AM,12369,673,11,37,https://www.youtube.com/watch?v=WT2gRIrooM4
xNEuiLFg-oI,KhunKai’s Kitchen EP08 : Ice Cream Homemade / KaimookBNK48,3/09/2018 11:44 AM,8681,494,15,23,https://www.youtube.com/watch?v=xNEuiLFg-oI
nv6sfWTgZW8,KhunKai’s Kitchen EP10 : อยากกินก๋วยเตี๋ยวว้อย! / KaimookBNK48,3/09/2018 11:44 AM,77849,2798,65,163,https://www.youtube.com/watch?v=nv6sfWTgZW8
dlSyuTq1ERE,KhunKai’s Kitchen EP09 : S’more / KaimookBNK48,3/09/2018 11:44 AM,12937,686,16,44,https://www.youtube.com/watch?v=dlSyuTq1ERE
iEpSeV-611c,KhunKai’s Kitchen EP07 : No Sugar Brownie / KaimookBNK48,3/09/2018 11:47 AM,17335,890,14,79,https://www.youtube.com/watch?v=iEpSeV-611c
GUFi43Y3MG8,KhunKai’s Kitchen EP11 : Koisuru Orange Cookies / KaimookBNK48,4/09/2018 10:28 AM,19220,644,15,48,https://www.youtube.com/watch?v=GUFi43Y3MG8
yG9eQzSrytA,KhunKai's Kitchen EP13 : Fruit Ice Cream / KaimookBNK48,4/09/2018 10:28 AM,10107,382,10,31,https://www.youtube.com/watch?v=yG9eQzSrytA
38c2e4BHBlA,KhunKai’s Kitchen EP12 : Nink’s Birthday Cake / KaimookBNK48,4/09/2018 10:28 AM,13998,475,14,28,https://www.youtube.com/watch?v=38c2e4BHBlA
eDJj2iz1Ifs,KhunKai’s Kitchen EP15 : Cheese Tart / KaimookBNK48,4/09/2018 10:33 AM,26809,672,18,47,https://www.youtube.com/watch?v=eDJj2iz1Ifs
dIEZNI-7SHk,KhunKai’s Kitchen EP16 : Chocolate Curry / KaimookBNK48,4/09/2018 10:34 AM,14929,408,7,22,https://www.youtube.com/watch?v=dIEZNI-7SHk
c1PlsvmzHeo,KhunKai’s Kitchen EP14 : บัวลอย เจ้าเพื่อนยาก! / KaimookBNK48,4/09/2018 10:34 AM,52317,1460,20,96,https://www.youtube.com/watch?v=c1PlsvmzHeo
S5rW_A15Egg,KhunKai’s Kitchen EP18 : Macaroni Kratin / KaimookBNK48,4/09/2018 10:36 AM,15898,423,15,37,https://www.youtube.com/watch?v=S5rW_A15Egg
UCP2K0_dvhs,KhunKai’s Kitchen EP17 : White Day Menu / KaimookBNK48,4/09/2018 10:37 AM,35312,732,17,55,https://www.youtube.com/watch?v=UCP2K0_dvhs
B_yBhn2BdBg,KhunKai’s Kitchen EP19 : Hato Cupcake / KaimookBNK48,4/09/2018 10:38 AM,230451,5432,135,233,https://www.youtube.com/watch?v=B_yBhn2BdBg
B_wG_4J63Jw,KhunKai’s Kitchen EP20 : น้ำผักสลอธสูตรต่ามู้ต่ามี้~ / KaimookBNK48,4/09/2018 10:41 AM,81400,1927,25,142,https://www.youtube.com/watch?v=B_wG_4J63Jw
yUtJj1yl0lU,KhunKai’s Kitchen EP21 : โอนิกิริต้มยำกุ้ง! / KaimookBNK48,5/09/2018 11:58 AM,49470,968,21,68,https://www.youtube.com/watch?v=yUtJj1yl0lU
5DMyzWM2qXc,KhunKai’s Kitchen EP22 : CANDY!! / KaimookBNK48,5/09/2018 11:58 AM,36287,808,16,64,https://www.youtube.com/watch?v=5DMyzWM2qXc
pSvDu6OVCvE,KhunKai’s Kitchen EP25 : Punch Soda / KaimookBNK48,5/09/2018 12:10 PM,93718,2245,24,200,https://www.youtube.com/watch?v=pSvDu6OVCvE
jXniuuFuF6Q,KhunKai’s Kitchen EP24 : Choco Lava Mug Cake / KaimookBNK48,5/09/2018 12:12 PM,318210,6695,104,416,https://www.youtube.com/watch?v=jXniuuFuF6Q
dthvRfCnzhI,KhunKai’s Kitchen EP29 : Heart gata Cake / KaimookBNK48,5/09/2018 12:14 PM,24958,547,14,38,https://www.youtube.com/watch?v=dthvRfCnzhI
S7KaEEQUHAA,KhunKai’s Kitchen EP23 : Matcha Macaron / KaimookBNK48,5/09/2018 12:18 PM,97815,2165,25,133,https://www.youtube.com/watch?v=S7KaEEQUHAA
hBU7h0_ypr0,KhunKai’s Kitchen EP26 : ทำขนม100ชิ้น!! แจกเด็ก ๆ / KaimookBNK48,5/09/2018 12:18 PM,60545,1094,28,57,https://www.youtube.com/watch?v=hBU7h0_ypr0
9b5pCFbiCmU,KhunKai’s Kitchen EP27 : Penguin Jelly / KaimookBNK48,5/09/2018 12:18 PM,51908,970,24,71,https://www.youtube.com/watch?v=9b5pCFbiCmU
4jIWZO-My5I,KhunKai’s Kitchen EP28 : Thai Prawn Omelette Rolls / KaimookBNK48,5/09/2018 12:18 PM,55065,1261,25,69,https://www.youtube.com/watch?v=4jIWZO-My5I
IhXg-7epqv0,KhunKai’s Kitchen EP30 : Steamed Egg / KaimookBNK48,5/09/2018 12:58 PM,47880,1649,32,151,https://www.youtube.com/watch?v=IhXg-7epqv0
xSLA3JDzO40,CHERPRANG VLOG EP01 : World Senbatsu in Japan / CherprangBNK48,10/09/2018 3:33 PM,333932,13421,168,1245,https://www.youtube.com/watch?v=xSLA3JDzO40
jgvMM0kX1io,CHERPRANG VLOG EP02 : World Senbatsu in Japan / CherprangBNK48,13/09/2018 1:22 PM,185169,6178,93,501,https://www.youtube.com/watch?v=jgvMM0kX1io
iByxlVvWrww,【MV Full】Kimi wa Melody เธอคือ…เมโลดี้ / BNK48,15/09/2018 10:00 PM,15588923,247911,8637,42363,https://www.youtube.com/watch?v=iByxlVvWrww
4__dtfWvK7s,CHERPRANG VLOG EP03 : World Senbatsu in Japan / CherprangBNK48,27/09/2018 10:08 AM,232540,8614,122,708,https://www.youtube.com/watch?v=4__dtfWvK7s
0773p4WN1Qg,BNK48 5th Single Information Announcement / BNK48,30/09/2018 9:51 PM,337896,13291,184,1492,https://www.youtube.com/watch?v=0773p4WN1Qg
Q49T77N9Jns,BNK48 5th Single「BNK Festival」Senbatsu Members Announcement / BNK48,30/09/2018 9:57 PM,333517,10838,147,2598,https://www.youtube.com/watch?v=Q49T77N9Jns
QkYPSuLYXpM,「BNK48 6th Single Senbatsu General Election」Announcement / BNK48,30/09/2018 10:00 PM,372096,12924,155,2832,https://www.youtube.com/watch?v=QkYPSuLYXpM
jQGFFQRGhbE,CHERPRANG VLOG EP04 : World Senbatsu in Japan / CherprangBNK48,11/10/2018 3:35 PM,131882,5658,54,780,https://www.youtube.com/watch?v=jQGFFQRGhbE
pglJrYXlq_M,CHERPRANG VLOG EP05 : World Senbatsu in Japan / CherprangBNK48,25/10/2018 1:02 PM,91533,4453,45,686,https://www.youtube.com/watch?v=pglJrYXlq_M
rajKtMCNEGo,【PV】Yume e no Route หมื่นเส้นทาง (Special Olympics Thailand Collaboration ver.) / BNK48,27/10/2018 2:48 PM,230728,14242,73,963,https://www.youtube.com/watch?v=rajKtMCNEGo
su_ZmVg0nw0,【PV】Yume e no Route หมื่นเส้นทาง / BNK48,27/10/2018 2:48 PM,945970,36567,286,2621,https://www.youtube.com/watch?v=su_ZmVg0nw0
tTcnj4Z9t0M,【MV Teaser】BNK Festival / BNK48,15/11/2018 8:00 PM,220681,12748,113,1409,https://www.youtube.com/watch?v=tTcnj4Z9t0M
zHKGQgnLX0U,BNK48 Trainee｜Rinrada Inthaisong (Piam),16/11/2018 12:45 PM,51663,1946,79,151,https://www.youtube.com/watch?v=zHKGQgnLX0U
zIl4nbnnJ5M,BNK48 Trainee｜Nuttakul Pimtongchaikul (Gygee),16/11/2018 12:45 PM,75385,4013,46,422,https://www.youtube.com/watch?v=zIl4nbnnJ5M
Y8sNO94wQ90,BNK48 Trainee｜Khawisara Singplod (Myyu),16/11/2018 12:45 PM,51679,2798,61,186,https://www.youtube.com/watch?v=Y8sNO94wQ90
iWwHEn8dhrI,BNK48 Trainee｜Sirikarn Shinnawatsuwan (Phukkhom),16/11/2018 12:45 PM,115630,6320,85,492,https://www.youtube.com/watch?v=iWwHEn8dhrI
exyc2lbJEYI,BNK48 Team BⅢ｜Vathusiri Phuwapunyasiri (Korn),16/11/2018 12:45 PM,62533,2856,24,296,https://www.youtube.com/watch?v=exyc2lbJEYI
eTidHACZSZI,BNK48 Team BⅢ｜Pimrapat Phadungwatanachok (Mobile),16/11/2018 12:45 PM,210672,9783,180,903,https://www.youtube.com/watch?v=eTidHACZSZI
2hHGYO8Klqg,BNK48 Trainee｜Pimnipa Tungsakul (Deenee),16/11/2018 12:45 PM,29272,1206,62,112,https://www.youtube.com/watch?v=2hHGYO8Klqg
Nk4ooIHagfQ,BNK48 Trainee｜Chanyapuk Numprasop (New),16/11/2018 12:45 PM,59135,2779,32,225,https://www.youtube.com/watch?v=Nk4ooIHagfQ
iU_HIvudvaA,BNK48 Trainee｜Jidarpha Chamchooy (Panda),16/11/2018 12:45 PM,47744,2116,29,144,https://www.youtube.com/watch?v=iU_HIvudvaA
kyP4xYmPw54,BNK48 Trainee｜Dusita Kitisarakulchai (Natherine),16/11/2018 12:45 PM,39616,1685,44,158,https://www.youtube.com/watch?v=kyP4xYmPw54
0vtwM6Lsrck,BNK48 Trainee｜Kamonthida Rotthawinithi (View),16/11/2018 12:45 PM,57717,2882,28,273,https://www.youtube.com/watch?v=0vtwM6Lsrck
hVLgSOgJQ9Y,BNK48 Team BⅢ｜Kanteera Wadcharathadsanakul (Noey),16/11/2018 12:45 PM,189994,8567,159,878,https://www.youtube.com/watch?v=hVLgSOgJQ9Y
0zW9SQvzqCQ,BNK48 Trainee｜Natticha Chantaravareelekha (Fond),16/11/2018 12:45 PM,87087,4095,51,309,https://www.youtube.com/watch?v=0zW9SQvzqCQ
IwHImT7RDa4,BNK48 Trainee｜Pakwan Noijaiboon (Pakwan),16/11/2018 12:45 PM,34215,1514,20,162,https://www.youtube.com/watch?v=IwHImT7RDa4
0Z6tdke0SHc,BNK48 Trainee｜Phattharanarin Mueanrit (Nine),16/11/2018 12:45 PM,34184,1585,11,110,https://www.youtube.com/watch?v=0Z6tdke0SHc
IwbuyTc4p4c,BNK48 Team BⅢ｜BNK48 Team BⅢ Captain｜Punsikorn Tiyakorn (Pun),16/11/2018 12:45 PM,189503,10585,123,796,https://www.youtube.com/watch?v=IwbuyTc4p4c
p1YsiSzFec8,BNK48 Trainee｜Juthamas Khonta (Kheng),16/11/2018 12:45 PM,46699,2002,21,137,https://www.youtube.com/watch?v=p1YsiSzFec8
usvrekLfc6M,BNK48 Trainee｜Weeraya Zhang (Wee),16/11/2018 12:45 PM,132482,7613,113,756,https://www.youtube.com/watch?v=usvrekLfc6M
dQvqSqfZJuQ,BNK48 Trainee｜Nawaporn Chansuk (Cake),16/11/2018 12:45 PM,51046,2465,22,169,https://www.youtube.com/watch?v=dQvqSqfZJuQ
r78Ss9ObGqk,BNK48 Team BⅢ｜Jiradapa Intajak (Pupe),16/11/2018 12:45 PM,244030,12392,136,1105,https://www.youtube.com/watch?v=r78Ss9ObGqk
V5ScG-apbSs,BNK48 Team BⅢ｜Praewa Suthamphong (Music),16/11/2018 12:45 PM,182739,9016,407,1275,https://www.youtube.com/watch?v=V5ScG-apbSs
RvF1ZI-eRQc,BNK48 Trainee｜Manipa Roopanya (Khamin),16/11/2018 12:45 PM,44734,1981,15,211,https://www.youtube.com/watch?v=RvF1ZI-eRQc
akWfxC2jI5Q,BNK48 Team BⅢ｜Isarapa Thawatpakdee (Tarwaan),16/11/2018 12:45 PM,126760,5515,60,433,https://www.youtube.com/watch?v=akWfxC2jI5Q
qh3-_pJCXPw,BNK48 Team BⅢ｜BNK48 Team BⅢ Vice Captain｜Jennis Oprasert (Jennis),16/11/2018 12:45 PM,150533,7620,125,535,https://www.youtube.com/watch?v=qh3-_pJCXPw
Efieq5TeV9M,BNK48 Trainee｜Nannaphas Loetnamchoetsakun (Mewnich),16/11/2018 12:45 PM,90056,3761,68,255,https://www.youtube.com/watch?v=Efieq5TeV9M
sGPvK_XnmAM,BNK48 Team BⅢ｜Milin Dokthian (Namneung),16/11/2018 12:45 PM,133083,8064,44,1127,https://www.youtube.com/watch?v=sGPvK_XnmAM
OCGdOa_Vur8,BNK48 Trainee｜Rachaya Tupkunanon (Minmin),16/11/2018 12:45 PM,49783,2170,19,182,https://www.youtube.com/watch?v=OCGdOa_Vur8
9782oM1T1pg,BNK48 Team BⅢ｜Rina Izuta (Izurina),16/11/2018 12:45 PM,67354,3675,30,337,https://www.youtube.com/watch?v=9782oM1T1pg
3f0AbOTGCHQ,BNK48 Team BⅢ｜Warattaya Deesomlert (Kaimook),16/11/2018 12:45 PM,91106,4404,63,346,https://www.youtube.com/watch?v=3f0AbOTGCHQ
7z2POaFviIQ,BNK48 Trainee｜Ratah Chinkrajangkit (Ratah),16/11/2018 12:45 PM,69939,3360,34,261,https://www.youtube.com/watch?v=7z2POaFviIQ
ulsdsRTzK0c,BNK48 Team BⅢ｜Patchanan Jiajirachote (Orn),16/11/2018 12:45 PM,146175,6633,160,594,https://www.youtube.com/watch?v=ulsdsRTzK0c
-j-CdY8iuys,BNK48 Trainee｜Natcha Krisdhasima (Oom),16/11/2018 12:45 PM,48098,1835,28,173,https://www.youtube.com/watch?v=-j-CdY8iuys
IUfX4LCWgds,BNK48 Team BⅢ｜Napaphat Worraphuttanon (Jaa),16/11/2018 12:45 PM,52673,2307,32,233,https://www.youtube.com/watch?v=IUfX4LCWgds
zMy9FwNI3qs,BNK48 Trainee｜Plearnpichaya Komalarajun (Juné),16/11/2018 12:45 PM,68348,2945,81,207,https://www.youtube.com/watch?v=zMy9FwNI3qs
SgbxVmzjC6w,BNK48 Team BⅢ｜Natruja Chutiwansopon (Kaew),16/11/2018 12:45 PM,107480,6302,46,526,https://www.youtube.com/watch?v=SgbxVmzjC6w
yvnJ5cHRRmE,BNK48 Team BⅢ｜Pichayapa Natha (Namsai),16/11/2018 12:45 PM,74097,3622,26,354,https://www.youtube.com/watch?v=yvnJ5cHRRmE
9GnzdHrwdXU,BNK48 Trainee｜Sumitra Duangkaew (Faii),16/11/2018 12:45 PM,67233,2316,42,158,https://www.youtube.com/watch?v=9GnzdHrwdXU
vAWpkeIjZl8,BNK48 Trainee｜Punyawee Jungcharoen (Aom),16/11/2018 12:45 PM,50871,2281,29,190,https://www.youtube.com/watch?v=vAWpkeIjZl8
mE4G0V1R9O8,BNK48 Team BⅢ｜Sawitchaya Kajonrungsilp (Satchan),16/11/2018 12:45 PM,72119,2919,43,209,https://www.youtube.com/watch?v=mE4G0V1R9O8
XYZODizO7_0,BNK48 Team BⅢ｜Suchaya Saenkhot (Jib),16/11/2018 12:45 PM,54852,2708,52,327,https://www.youtube.com/watch?v=XYZODizO7_0
Y24rDkCy1Tg,BNK48 Trainee｜Warinrat Yolprasong (Niky),16/11/2018 12:45 PM,37111,1731,29,172,https://www.youtube.com/watch?v=Y24rDkCy1Tg
EQAl30byknU,BNK48 Trainee｜Maira Kuyama (Maira),16/11/2018 12:45 PM,60142,2628,32,301,https://www.youtube.com/watch?v=EQAl30byknU
nIUCcnd84c8,BNK48 Team BⅢ｜Korapat Nilprapa (Kate),16/11/2018 12:45 PM,50856,2097,37,220,https://www.youtube.com/watch?v=nIUCcnd84c8
DX9Lo2NekQg,BNK48 Trainee｜Janista Tansiri (Bamboo),16/11/2018 12:45 PM,81530,3361,55,293,https://www.youtube.com/watch?v=DX9Lo2NekQg
M03mNS6vTjU,BNK48 Trainee｜Mananya Kaoju (Nink),16/11/2018 12:45 PM,38561,1439,101,144,https://www.youtube.com/watch?v=M03mNS6vTjU
yLezTzzyxX4,BNK48 Team BⅢ｜Panisa Srilaloeng (Mind),16/11/2018 12:45 PM,54207,2691,47,241,https://www.youtube.com/watch?v=yLezTzzyxX4
54O1AMDZS0I,BNK48 Team BⅢ｜Kunjiranut Intarasin (Jane),16/11/2018 12:45 PM,91436,3634,53,271,https://www.youtube.com/watch?v=54O1AMDZS0I
JEnA2Be25aU,BNK48 Team BⅢ｜Miori Ohkubo (Miori),16/11/2018 12:45 PM,91605,3387,44,232,https://www.youtube.com/watch?v=JEnA2Be25aU
PlBmrf9NvFA,BNK48 Team BⅢ｜BNK48 Captain｜Cherprang Areekul (Cherprang),16/11/2018 12:45 PM,249249,13360,250,1083,https://www.youtube.com/watch?v=PlBmrf9NvFA
PYc15-SefAI,BNK48 Trainee｜Paweethida Sakunpiphat (Fifa),16/11/2018 12:45 PM,33114,1478,19,117,https://www.youtube.com/watch?v=PYc15-SefAI
YfFmDnIAK50,BNK48 Trainee｜Tarisa Preechatangkit (Stang),16/11/2018 12:45 PM,30510,1473,18,140,https://www.youtube.com/watch?v=YfFmDnIAK50
mo4l8f_VZXo,【MV Full】BNK Festival / BNK48,22/11/2018 8:00 PM,3201827,111029,4295,17379,https://www.youtube.com/watch?v=mo4l8f_VZXo
0Fna8Uy-R4Y,BNK48 6th Single Senbatsu General Election – Preliminary Results Announcement / BNK48,12/12/2018 8:11 PM,232188,12320,128,3077,https://www.youtube.com/watch?v=0Fna8Uy-R4Y
